expert,active_owned_classes,score,ood_role,id_support,ood_support,auroc,aupr_id,fpr95,unseen_family
flood,"ddos,dos",maxsim,unseen,100000,41542,1.0,1.0,0.0,bot
flood,"ddos,dos",maxsim,aux,100000,50000,0.9977,0.9987,0.0094,bot
flood,"ddos,dos",maxsim,non_owned_known_attack,100000,88140,0.8086,0.8751,0.3817,bot
flood,"ddos,dos",maxsim,benign,100000,50000,0.9999,0.9999,0.0,bot
flood,"ddos,dos",energy_head,unseen,100000,41542,1.0,1.0,0.0,bot
flood,"ddos,dos",energy_head,aux,100000,50000,0.999,0.9994,0.0074,bot
flood,"ddos,dos",energy_head,non_owned_known_attack,100000,88140,0.8182,0.8842,0.3815,bot
flood,"ddos,dos",energy_head,benign,100000,50000,1.0,1.0,0.0,bot
brute_force,brute_force,maxsim,unseen,50000,41542,0.0,0.3436,1.0,bot
brute_force,brute_force,maxsim,aux,50000,50000,0.0026,0.3071,1.0,bot
brute_force,brute_force,maxsim,non_owned_known_attack,50000,138140,0.0853,0.1632,1.0,bot
brute_force,brute_force,maxsim,benign,50000,50000,0.0,0.3069,1.0,bot
brute_force,brute_force,energy_head,unseen,50000,41542,0.0,0.3436,1.0,bot
brute_force,brute_force,energy_head,aux,50000,50000,0.001,0.3069,1.0,bot
brute_force,brute_force,energy_head,non_owned_known_attack,50000,138140,0.0826,0.1628,1.0,bot
brute_force,brute_force,energy_head,benign,50000,50000,0.0,0.3069,1.0,bot
tail,"infiltration,web_attacks",maxsim,unseen,38137,41542,0.9915,0.9953,0.0,bot
tail,"infiltration,web_attacks",maxsim,aux,38137,50000,0.8786,0.7607,0.2922,bot
tail,"infiltration,web_attacks",maxsim,non_owned_known_attack,38137,150000,0.9898,0.9873,0.0023,bot
tail,"infiltration,web_attacks",maxsim,benign,38137,50000,0.6787,0.5255,0.5884,bot
tail,"infiltration,web_attacks",energy_head,unseen,38137,41542,0.9961,0.9976,0.0,bot
tail,"infiltration,web_attacks",energy_head,aux,38137,50000,0.88,0.7666,0.3324,bot
tail,"infiltration,web_attacks",energy_head,non_owned_known_attack,38137,150000,0.9904,0.9867,0.0017,bot
tail,"infiltration,web_attacks",energy_head,benign,38137,50000,0.6804,0.5275,0.6067,bot
benign,benign,maxsim,unseen,50000,41542,0.7711,0.8778,0.9984,bot
benign,benign,maxsim,aux,50000,50000,0.8972,0.8892,0.389,bot
benign,benign,maxsim,known_attack,50000,188140,0.6638,0.4118,0.8952,bot
benign,benign,energy_head,unseen,50000,41542,0.763,0.8763,0.9978,bot
benign,benign,energy_head,aux,50000,50000,0.8954,0.8924,0.3978,bot
benign,benign,energy_head,known_attack,50000,188140,0.7081,0.4889,0.8966,bot
flood,"ddos,dos",maxsim,unseen,100000,37631,0.9999,1.0,0.0004,infiltration
flood,"ddos,dos",maxsim,aux,100000,50000,0.9975,0.9985,0.0094,infiltration
flood,"ddos,dos",maxsim,non_owned_known_attack,100000,92051,0.8084,0.8476,0.3654,infiltration
flood,"ddos,dos",maxsim,benign,100000,50000,0.9998,0.9999,0.0,infiltration
flood,"ddos,dos",energy_head,unseen,100000,37631,0.9998,0.9999,0.0,infiltration
flood,"ddos,dos",energy_head,aux,100000,50000,0.9986,0.9993,0.0074,infiltration
flood,"ddos,dos",energy_head,non_owned_known_attack,100000,92051,0.8153,0.8553,0.3653,infiltration
flood,"ddos,dos",energy_head,benign,100000,50000,1.0,1.0,0.0,infiltration
brute_force,brute_force,maxsim,unseen,50000,37631,0.0001,0.3638,1.0,infiltration
brute_force,brute_force,maxsim,aux,50000,50000,0.0026,0.3071,1.0,infiltration
brute_force,brute_force,maxsim,non_owned_known_attack,50000,142051,0.081,0.1588,1.0,infiltration
brute_force,brute_force,maxsim,benign,50000,50000,0.0,0.3069,1.0,infiltration
brute_force,brute_force,energy_head,unseen,50000,37631,0.0,0.3638,1.0,infiltration
brute_force,brute_force,energy_head,aux,50000,50000,0.0011,0.3069,1.0,infiltration
brute_force,brute_force,energy_head,non_owned_known_attack,50000,142051,0.0822,0.1591,1.0,infiltration
brute_force,brute_force,energy_head,benign,50000,50000,0.0,0.3069,1.0,infiltration
tail,"bot,web_attacks",maxsim,unseen,42047,37631,0.9964,0.9979,0.0,infiltration
tail,"bot,web_attacks",maxsim,aux,42047,50000,0.9959,0.9971,0.0,infiltration
tail,"bot,web_attacks",maxsim,non_owned_known_attack,42047,150000,0.9953,0.9935,0.0,infiltration
tail,"bot,web_attacks",maxsim,benign,42047,50000,0.9974,0.9981,0.0,infiltration
tail,"bot,web_attacks",energy_head,unseen,42047,37631,0.9964,0.9979,0.0,infiltration
tail,"bot,web_attacks",energy_head,aux,42047,50000,0.9956,0.9968,0.0,infiltration
tail,"bot,web_attacks",energy_head,non_owned_known_attack,42047,150000,0.9944,0.9924,0.0,infiltration
tail,"bot,web_attacks",energy_head,benign,42047,50000,0.9972,0.9978,0.0,infiltration
benign,benign,maxsim,unseen,50000,37631,0.5019,0.6068,0.9742,infiltration
benign,benign,maxsim,aux,50000,50000,0.8404,0.8754,0.6977,infiltration
benign,benign,maxsim,known_attack,50000,192051,0.8487,0.8257,0.7549,infiltration
benign,benign,energy_head,unseen,50000,37631,0.4495,0.5922,0.9673,infiltration
benign,benign,energy_head,aux,50000,50000,0.7769,0.8093,0.6903,infiltration
benign,benign,energy_head,known_attack,50000,192051,0.807,0.7365,0.7472,infiltration
flood,"ddos,dos",maxsim,unseen,100000,50000,0.6654,0.8759,0.6737,brute_force
flood,"ddos,dos",maxsim,aux,100000,50000,0.9977,0.9987,0.0074,brute_force
flood,"ddos,dos",maxsim,non_owned_known_attack,100000,79682,0.9999,1.0,0.0001,brute_force
flood,"ddos,dos",maxsim,benign,100000,50000,0.9997,0.9999,0.0,brute_force
flood,"ddos,dos",energy_head,unseen,100000,50000,0.683,0.8853,0.6737,brute_force
flood,"ddos,dos",energy_head,aux,100000,50000,0.9991,0.9995,0.0073,brute_force
flood,"ddos,dos",energy_head,non_owned_known_attack,100000,79682,0.9999,0.9999,0.0,brute_force
flood,"ddos,dos",energy_head,benign,100000,50000,1.0,1.0,0.0,brute_force
tail,"bot,infiltration,web_attacks",maxsim,unseen,79677,50000,0.8488,0.9335,0.9539,brute_force
tail,"bot,infiltration,web_attacks",maxsim,aux,79677,50000,0.909,0.9499,0.5215,brute_force
tail,"bot,infiltration,web_attacks",maxsim,non_owned_known_attack,79677,100000,0.7722,0.8173,0.8729,brute_force
tail,"bot,infiltration,web_attacks",maxsim,benign,79677,50000,0.6764,0.6932,0.8591,brute_force
tail,"bot,infiltration,web_attacks",energy_head,unseen,79677,50000,0.7027,0.8546,0.976,brute_force
tail,"bot,infiltration,web_attacks",energy_head,aux,79677,50000,0.8361,0.8746,0.618,brute_force
tail,"bot,infiltration,web_attacks",energy_head,non_owned_known_attack,79677,100000,0.5608,0.5098,0.8845,brute_force
tail,"bot,infiltration,web_attacks",energy_head,benign,79677,50000,0.5758,0.6077,0.8687,brute_force
benign,benign,maxsim,unseen,50000,50000,0.4609,0.6816,1.0,brute_force
benign,benign,maxsim,aux,50000,50000,0.6017,0.5958,0.8561,brute_force
benign,benign,maxsim,known_attack,50000,179682,0.6596,0.4223,0.9437,brute_force
benign,benign,energy_head,unseen,50000,50000,0.4745,0.6619,1.0,brute_force
benign,benign,energy_head,aux,50000,50000,0.6257,0.6384,0.8388,brute_force
benign,benign,energy_head,known_attack,50000,179682,0.6982,0.4733,0.939,brute_force
flood,"ddos,dos",maxsim,unseen,100000,509,0.9985,1.0,0.0079,web_attacks
flood,"ddos,dos",maxsim,aux,100000,50000,0.9975,0.9985,0.0094,web_attacks
flood,"ddos,dos",maxsim,non_owned_known_attack,100000,129173,0.8711,0.8775,0.2604,web_attacks
flood,"ddos,dos",maxsim,benign,100000,50000,0.9998,0.9999,0.0,web_attacks
flood,"ddos,dos",energy_head,unseen,100000,509,0.9993,1.0,0.0,web_attacks
flood,"ddos,dos",energy_head,aux,100000,50000,0.9987,0.9993,0.0074,web_attacks
flood,"ddos,dos",energy_head,non_owned_known_attack,100000,129173,0.8767,0.8853,0.2603,web_attacks
flood,"ddos,dos",energy_head,benign,100000,50000,1.0,1.0,0.0,web_attacks
brute_force,brute_force,maxsim,unseen,50000,509,0.0005,0.9533,1.0,web_attacks
brute_force,brute_force,maxsim,aux,50000,50000,0.0026,0.3071,1.0,web_attacks
brute_force,brute_force,maxsim,non_owned_known_attack,50000,179173,0.0644,0.1283,1.0,web_attacks
brute_force,brute_force,maxsim,benign,50000,50000,0.0,0.3069,1.0,web_attacks
brute_force,brute_force,energy_head,unseen,50000,509,0.0,0.9532,1.0,web_attacks
brute_force,brute_force,energy_head,aux,50000,50000,0.0012,0.3069,1.0,web_attacks
brute_force,brute_force,energy_head,non_owned_known_attack,50000,179173,0.0637,0.1283,1.0,web_attacks
brute_force,brute_force,energy_head,benign,50000,50000,0.0,0.3069,1.0,web_attacks
tail,"bot,infiltration",maxsim,unseen,79170,509,0.9212,0.9994,0.2515,web_attacks
tail,"bot,infiltration",maxsim,aux,79170,50000,0.9642,0.9776,0.1748,web_attacks
tail,"bot,infiltration",maxsim,non_owned_known_attack,79170,150000,0.8338,0.8037,0.5866,web_attacks
tail,"bot,infiltration",maxsim,benign,79170,50000,0.7784,0.8774,0.7553,web_attacks
tail,"bot,infiltration",energy_head,unseen,79170,509,0.9152,0.9993,0.2711,web_attacks
tail,"bot,infiltration",energy_head,aux,79170,50000,0.9514,0.9706,0.2864,web_attacks
tail,"bot,infiltration",energy_head,non_owned_known_attack,79170,150000,0.8637,0.8431,0.5547,web_attacks
tail,"bot,infiltration",energy_head,benign,79170,50000,0.7553,0.858,0.7572,web_attacks
benign,benign,maxsim,unseen,50000,509,0.8247,0.9977,0.8939,web_attacks
benign,benign,maxsim,aux,50000,50000,0.712,0.7384,0.6733,web_attacks
benign,benign,maxsim,known_attack,50000,229173,0.6897,0.4471,0.9647,web_attacks
benign,benign,energy_head,unseen,50000,509,0.7551,0.9964,0.9057,web_attacks
benign,benign,energy_head,aux,50000,50000,0.6701,0.7032,0.6588,web_attacks
benign,benign,energy_head,known_attack,50000,229173,0.6205,0.3943,0.9627,web_attacks
flood,dos,maxsim,unseen,50000,50000,0.0002,0.3069,1.0,ddos
flood,dos,maxsim,aux,50000,50000,0.1245,0.3271,0.9657,ddos
flood,dos,maxsim,non_owned_known_attack,50000,129682,0.2042,0.1921,1.0,ddos
flood,dos,maxsim,benign,50000,50000,0.0001,0.3069,1.0,ddos
flood,dos,energy_head,unseen,50000,50000,0.0,0.3069,1.0,ddos
flood,dos,energy_head,aux,50000,50000,0.0429,0.312,0.997,ddos
flood,dos,energy_head,non_owned_known_attack,50000,129682,0.2112,0.1938,1.0,ddos
flood,dos,energy_head,benign,50000,50000,0.0,0.3069,1.0,ddos
brute_force,brute_force,maxsim,unseen,50000,50000,0.0,0.3069,1.0,ddos
brute_force,brute_force,maxsim,aux,50000,50000,0.0025,0.3071,1.0,ddos
brute_force,brute_force,maxsim,non_owned_known_attack,50000,129682,0.0909,0.1729,1.0,ddos
brute_force,brute_force,maxsim,benign,50000,50000,0.0,0.3069,1.0,ddos
brute_force,brute_force,energy_head,unseen,50000,50000,0.0,0.3069,1.0,ddos
brute_force,brute_force,energy_head,aux,50000,50000,0.0013,0.307,1.0,ddos
brute_force,brute_force,energy_head,non_owned_known_attack,50000,129682,0.0902,0.1729,1.0,ddos
brute_force,brute_force,energy_head,benign,50000,50000,0.0,0.3069,1.0,ddos
tail,"bot,infiltration,web_attacks",maxsim,unseen,79677,50000,0.6655,0.8392,0.9762,ddos
tail,"bot,infiltration,web_attacks",maxsim,aux,79677,50000,0.8963,0.9414,0.5404,ddos
tail,"bot,infiltration,web_attacks",maxsim,non_owned_known_attack,79677,100000,0.7601,0.821,0.9262,ddos
tail,"bot,infiltration,web_attacks",maxsim,benign,79677,50000,0.662,0.6861,0.857,ddos
tail,"bot,infiltration,web_attacks",energy_head,unseen,79677,50000,0.4329,0.5906,0.8318,ddos
tail,"bot,infiltration,web_attacks",energy_head,aux,79677,50000,0.8339,0.8807,0.6256,ddos
tail,"bot,infiltration,web_attacks",energy_head,non_owned_known_attack,79677,100000,0.7021,0.7575,0.9547,ddos
tail,"bot,infiltration,web_attacks",energy_head,benign,79677,50000,0.5767,0.6121,0.874,ddos
benign,benign,maxsim,unseen,50000,50000,0.5293,0.6366,0.9949,ddos
benign,benign,maxsim,aux,50000,50000,0.7327,0.7459,0.8079,ddos
benign,benign,maxsim,known_attack,50000,179682,0.5461,0.2372,0.9776,ddos
benign,benign,energy_head,unseen,50000,50000,0.3582,0.5142,0.9952,ddos
benign,benign,energy_head,aux,50000,50000,0.6714,0.6878,0.8048,ddos
benign,benign,energy_head,known_attack,50000,179682,0.6249,0.3149,0.9315,ddos
flood,ddos,maxsim,unseen,50000,50000,0.0286,0.3084,1.0,dos
flood,ddos,maxsim,aux,50000,50000,0.0045,0.307,1.0,dos
flood,ddos,maxsim,non_owned_known_attack,50000,129682,0.0028,0.1542,1.0,dos
flood,ddos,maxsim,benign,50000,50000,0.0067,0.3074,1.0,dos
flood,ddos,energy_head,unseen,50000,50000,0.0003,0.3069,1.0,dos
flood,ddos,energy_head,aux,50000,50000,0.0001,0.3069,1.0,dos
flood,ddos,energy_head,non_owned_known_attack,50000,129682,0.0,0.1542,1.0,dos
flood,ddos,energy_head,benign,50000,50000,0.0001,0.3069,1.0,dos
brute_force,brute_force,maxsim,unseen,50000,50000,0.2352,0.3921,0.9847,dos
brute_force,brute_force,maxsim,aux,50000,50000,0.0026,0.3071,1.0,dos
brute_force,brute_force,maxsim,non_owned_known_attack,50000,129682,0.0,0.1542,1.0,dos
brute_force,brute_force,maxsim,benign,50000,50000,0.0,0.3069,1.0,dos
brute_force,brute_force,energy_head,unseen,50000,50000,0.2326,0.3918,0.9847,dos
brute_force,brute_force,energy_head,aux,50000,50000,0.0009,0.3069,1.0,dos
brute_force,brute_force,energy_head,non_owned_known_attack,50000,129682,0.0,0.1542,1.0,dos
brute_force,brute_force,energy_head,benign,50000,50000,0.0,0.3069,1.0,dos
tail,"bot,infiltration,web_attacks",maxsim,unseen,79677,50000,0.8177,0.9085,0.8953,dos
tail,"bot,infiltration,web_attacks",maxsim,aux,79677,50000,0.8887,0.9362,0.5526,dos
tail,"bot,infiltration,web_attacks",maxsim,non_owned_known_attack,79677,100000,0.7392,0.7965,0.9602,dos
tail,"bot,infiltration,web_attacks",maxsim,benign,79677,50000,0.634,0.658,0.8638,dos
tail,"bot,infiltration,web_attacks",energy_head,unseen,79677,50000,0.6398,0.77,0.9382,dos
tail,"bot,infiltration,web_attacks",energy_head,aux,79677,50000,0.7889,0.8384,0.6447,dos
tail,"bot,infiltration,web_attacks",energy_head,non_owned_known_attack,79677,100000,0.5232,0.4861,0.9121,dos
tail,"bot,infiltration,web_attacks",energy_head,benign,79677,50000,0.5501,0.5923,0.8692,dos
benign,benign,maxsim,unseen,50000,50000,0.7815,0.8429,0.8968,dos
benign,benign,maxsim,aux,50000,50000,0.8359,0.8583,0.6521,dos
benign,benign,maxsim,known_attack,50000,179682,0.6454,0.4168,0.9879,dos
benign,benign,energy_head,unseen,50000,50000,0.7177,0.7816,0.9636,dos
benign,benign,energy_head,aux,50000,50000,0.795,0.8111,0.6463,dos
benign,benign,energy_head,known_attack,50000,179682,0.6542,0.4869,0.986,dos
