mode,level,true_class,support,expert,owner,pred_x,conf_x,pred_xa,conf_xa,flip_rate
gaussian,0.01,benign,4032,Benign,True,benign,0.9987408518791199,benign,0.9949327707290649,0.0
gaussian,0.01,benign,4032,DoS,False,dos-slowloris,0.8154396414756775,dos-hulk,0.7474485039710999,0.5180059523809524
gaussian,0.01,benign,4032,DDoS_Scan,False,portscan,0.9930504560470581,portscan,0.9862634539604187,0.44377480158730165
gaussian,0.01,benign,4032,BruteForce,False,ssh-patator,0.9971503019332886,ssh-patator,0.9979286193847656,0.23685515873015875
gaussian,0.01,benign,4032,WebBot,False,bot,0.8163335919380188,bot,0.802182674407959,0.4749007936507937
gaussian,0.01,benign,4032,Tail,False,web-attack-�-sql-injection,0.7284983992576599,web-attack-�-sql-injection,0.7145400643348694,0.3707589285714285
gaussian,0.01,dos-hulk,380,Benign,False,benign,0.999214231967926,benign,0.913697361946106,0.0
gaussian,0.01,dos-hulk,380,DoS,True,dos-hulk,0.9999107718467712,dos-hulk,0.8074515461921692,0.2323684210526316
gaussian,0.01,dos-hulk,380,DDoS_Scan,False,portscan,0.9936627149581909,portscan,0.9799942970275879,0.3907894736842105
gaussian,0.01,dos-hulk,380,BruteForce,False,ssh-patator,0.9971983432769775,ssh-patator,0.998160719871521,0.38289473684210523
gaussian,0.01,dos-hulk,380,WebBot,False,web-attack-�-brute-force,0.6863042116165161,web-attack-�-xss,0.7023577094078064,0.6323684210526316
gaussian,0.01,dos-hulk,380,Tail,False,web-attack-�-sql-injection,0.8001109957695007,web-attack-�-sql-injection,0.7412817478179932,0.3089473684210526
gaussian,0.01,portscan,290,Benign,False,benign,0.9982419013977051,benign,0.9537901878356934,0.0
gaussian,0.01,portscan,290,DoS,False,dos-slowloris,0.9486332535743713,dos-slowloris,0.7359232306480408,0.48068965517241374
gaussian,0.01,portscan,290,DDoS_Scan,True,portscan,0.9999917149543762,portscan,0.9461967349052429,0.2037931034482759
gaussian,0.01,portscan,290,BruteForce,False,ssh-patator,0.9984034895896912,ssh-patator,0.9981803894042969,0.026896551724137928
gaussian,0.01,portscan,290,WebBot,False,bot,0.913439929485321,bot,0.8636100888252258,0.15
gaussian,0.01,portscan,290,Tail,False,web-attack-�-sql-injection,0.6893609166145325,web-attack-�-sql-injection,0.6914085149765015,0.46241379310344827
gaussian,0.01,ftp-patator,18,Benign,False,benign,0.9982870817184448,benign,0.9070607423782349,0.0
gaussian,0.01,ftp-patator,18,DoS,False,dos-slowloris,0.8447329998016357,dos-slowloris,0.7062135934829712,0.5722222222222222
gaussian,0.01,ftp-patator,18,DDoS_Scan,False,portscan,0.9928557872772217,portscan,0.9944480657577515,0.4444444444444445
gaussian,0.01,ftp-patator,18,BruteForce,True,ftp-patator,0.9997393488883972,ftp-patator,0.9980098605155945,0.4833333333333334
gaussian,0.01,ftp-patator,18,WebBot,False,web-attack-�-brute-force,0.9277614951133728,web-attack-�-brute-force,0.7551833391189575,0.46111111111111114
gaussian,0.01,ftp-patator,18,Tail,False,web-attack-�-sql-injection,0.9543609619140625,web-attack-�-sql-injection,0.7625980973243713,0.08888888888888888
gaussian,0.01,bot,5,Benign,False,benign,0.9559530019760132,benign,0.9831900596618652,0.0
gaussian,0.01,bot,5,DoS,False,dos-slowloris,0.9711230397224426,dos-slowloris,0.683437705039978,0.56
gaussian,0.01,bot,5,DDoS_Scan,False,ddos,0.9989496469497681,portscan,0.996651291847229,0.62
gaussian,0.01,bot,5,BruteForce,False,ssh-patator,0.9982110857963562,ssh-patator,0.9988744854927063,0.0
gaussian,0.01,bot,5,WebBot,True,bot,0.9987584352493286,bot,0.8526960611343384,0.04
gaussian,0.01,bot,5,Tail,False,infiltration,0.9367480278015137,web-attack-�-sql-injection,0.6292224526405334,0.6
gaussian,0.05,benign,4032,Benign,True,benign,0.9987408518791199,benign,0.9916059374809265,0.0
gaussian,0.05,benign,4032,DoS,False,dos-slowloris,0.8154396414756775,dos-goldeneye,0.7249792218208313,0.6550347222222223
gaussian,0.05,benign,4032,DDoS_Scan,False,portscan,0.9930504560470581,portscan,0.9822531938552856,0.48288690476190477
gaussian,0.05,benign,4032,BruteForce,False,ssh-patator,0.9971503019332886,ssh-patator,0.9980781674385071,0.3431299603174603
gaussian,0.05,benign,4032,WebBot,False,bot,0.8163335919380188,bot,0.7945954203605652,0.4867559523809525
gaussian,0.05,benign,4032,Tail,False,web-attack-�-sql-injection,0.7284983992576599,web-attack-�-sql-injection,0.7019723057746887,0.4516865079365079
gaussian,0.05,dos-hulk,380,Benign,False,benign,0.999214231967926,benign,0.9454488754272461,0.0
gaussian,0.05,dos-hulk,380,DoS,True,dos-hulk,0.9999107718467712,dos-hulk,0.7564049363136292,0.3936842105263158
gaussian,0.05,dos-hulk,380,DDoS_Scan,False,portscan,0.9936627149581909,portscan,0.9786690473556519,0.4560526315789474
gaussian,0.05,dos-hulk,380,BruteForce,False,ssh-patator,0.9971983432769775,ssh-patator,0.9980605244636536,0.48657894736842106
gaussian,0.05,dos-hulk,380,WebBot,False,web-attack-�-brute-force,0.6863042116165161,bot,0.7062735557556152,0.6663157894736842
gaussian,0.05,dos-hulk,380,Tail,False,web-attack-�-sql-injection,0.8001109957695007,web-attack-�-sql-injection,0.7167081236839294,0.39973684210526317
gaussian,0.05,portscan,290,Benign,False,benign,0.9982419013977051,benign,0.9709224700927734,0.0
gaussian,0.05,portscan,290,DoS,False,dos-slowloris,0.9486332535743713,dos-goldeneye,0.7382907867431641,0.5937931034482758
gaussian,0.05,portscan,290,DDoS_Scan,True,portscan,0.9999917149543762,portscan,0.9412690997123718,0.3351724137931034
gaussian,0.05,portscan,290,BruteForce,False,ssh-patator,0.9984034895896912,ssh-patator,0.9983024597167969,0.0693103448275862
gaussian,0.05,portscan,290,WebBot,False,bot,0.913439929485321,bot,0.859052300453186,0.17862068965517242
gaussian,0.05,portscan,290,Tail,False,web-attack-�-sql-injection,0.6893609166145325,web-attack-�-sql-injection,0.6817551255226135,0.4617241379310344
gaussian,0.05,ftp-patator,18,Benign,False,benign,0.9982870817184448,benign,0.9571154713630676,0.0
gaussian,0.05,ftp-patator,18,DoS,False,dos-slowloris,0.8447329998016357,dos-goldeneye,0.7258551716804504,0.6277777777777779
gaussian,0.05,ftp-patator,18,DDoS_Scan,False,portscan,0.9928557872772217,portscan,0.9694699048995972,0.4166666666666667
gaussian,0.05,ftp-patator,18,BruteForce,True,ftp-patator,0.9997393488883972,ftp-patator,0.9980560541152954,0.4833333333333334
gaussian,0.05,ftp-patator,18,WebBot,False,web-attack-�-brute-force,0.9277614951133728,web-attack-�-brute-force,0.7651251554489136,0.46111111111111114
gaussian,0.05,ftp-patator,18,Tail,False,web-attack-�-sql-injection,0.9543609619140625,web-attack-�-sql-injection,0.7441046833992004,0.2111111111111111
gaussian,0.05,bot,5,Benign,False,benign,0.9559530019760132,benign,0.9960620999336243,0.0
gaussian,0.05,bot,5,DoS,False,dos-slowloris,0.9711230397224426,dos-slowloris,0.6685541272163391,0.52
gaussian,0.05,bot,5,DDoS_Scan,False,ddos,0.9989496469497681,portscan,0.9934786558151245,0.62
gaussian,0.05,bot,5,BruteForce,False,ssh-patator,0.9982110857963562,ssh-patator,0.9989050030708313,0.0
gaussian,0.05,bot,5,WebBot,True,bot,0.9987584352493286,bot,0.8637436032295227,0.08
gaussian,0.05,bot,5,Tail,False,infiltration,0.9367480278015137,web-attack-�-sql-injection,0.622745931148529,0.6
gaussian,0.1,benign,4032,Benign,True,benign,0.9987408518791199,benign,0.9904208183288574,0.0
gaussian,0.1,benign,4032,DoS,False,dos-slowloris,0.8154396414756775,dos-goldeneye,0.7205797433853149,0.690203373015873
gaussian,0.1,benign,4032,DDoS_Scan,False,portscan,0.9930504560470581,portscan,0.9801241159439087,0.48926091269841276
gaussian,0.1,benign,4032,BruteForce,False,ssh-patator,0.9971503019332886,ssh-patator,0.9980969429016113,0.3683531746031746
gaussian,0.1,benign,4032,WebBot,False,bot,0.8163335919380188,bot,0.8080061078071594,0.4884920634920634
gaussian,0.1,benign,4032,Tail,False,web-attack-�-sql-injection,0.7284983992576599,infiltration,0.6986852288246155,0.4746279761904762
gaussian,0.1,dos-hulk,380,Benign,False,benign,0.999214231967926,benign,0.9493341445922852,0.0
gaussian,0.1,dos-hulk,380,DoS,True,dos-hulk,0.9999107718467712,dos-hulk,0.7422965168952942,0.4981578947368421
gaussian,0.1,dos-hulk,380,DDoS_Scan,False,portscan,0.9936627149581909,portscan,0.9789642095565796,0.4660526315789474
gaussian,0.1,dos-hulk,380,BruteForce,False,ssh-patator,0.9971983432769775,ssh-patator,0.9980294108390808,0.4981578947368421
gaussian,0.1,dos-hulk,380,WebBot,False,web-attack-�-brute-force,0.6863042116165161,bot,0.7336456775665283,0.6644736842105262
gaussian,0.1,dos-hulk,380,Tail,False,web-attack-�-sql-injection,0.8001109957695007,web-attack-�-sql-injection,0.7136802077293396,0.433421052631579
gaussian,0.1,portscan,290,Benign,False,benign,0.9982419013977051,benign,0.9767253994941711,0.0
gaussian,0.1,portscan,290,DoS,False,dos-slowloris,0.9486332535743713,dos-goldeneye,0.7405577898025513,0.6475862068965517
gaussian,0.1,portscan,290,DDoS_Scan,True,portscan,0.9999917149543762,portscan,0.9415599703788757,0.35827586206896556
gaussian,0.1,portscan,290,BruteForce,False,ssh-patator,0.9984034895896912,ssh-patator,0.9984075427055359,0.11379310344827584
gaussian,0.1,portscan,290,WebBot,False,bot,0.913439929485321,bot,0.8625585436820984,0.20068965517241377
gaussian,0.1,portscan,290,Tail,False,web-attack-�-sql-injection,0.6893609166145325,web-attack-�-sql-injection,0.6818224191665649,0.46655172413793106
gaussian,0.1,ftp-patator,18,Benign,False,benign,0.9982870817184448,benign,0.9642817378044128,0.0
gaussian,0.1,ftp-patator,18,DoS,False,dos-slowloris,0.8447329998016357,dos-goldeneye,0.7303354144096375,0.6722222222222223
gaussian,0.1,ftp-patator,18,DDoS_Scan,False,portscan,0.9928557872772217,portscan,0.9544790387153625,0.38333333333333336
gaussian,0.1,ftp-patator,18,BruteForce,True,ftp-patator,0.9997393488883972,ftp-patator,0.9979279637336731,0.4833333333333334
gaussian,0.1,ftp-patator,18,WebBot,False,web-attack-�-brute-force,0.9277614951133728,bot,0.7888469099998474,0.5888888888888889
gaussian,0.1,ftp-patator,18,Tail,False,web-attack-�-sql-injection,0.9543609619140625,web-attack-�-sql-injection,0.7232863306999207,0.3
gaussian,0.1,bot,5,Benign,False,benign,0.9559530019760132,benign,0.9941088557243347,0.0
gaussian,0.1,bot,5,DoS,False,dos-slowloris,0.9711230397224426,dos-goldeneye,0.6851813793182373,0.6199999999999999
gaussian,0.1,bot,5,DDoS_Scan,False,ddos,0.9989496469497681,portscan,0.9888826608657837,0.62
gaussian,0.1,bot,5,BruteForce,False,ssh-patator,0.9982110857963562,ssh-patator,0.9989606738090515,0.02
gaussian,0.1,bot,5,WebBot,True,bot,0.9987584352493286,bot,0.8587648272514343,0.08
gaussian,0.1,bot,5,Tail,False,infiltration,0.9367480278015137,web-attack-�-sql-injection,0.6202254295349121,0.6
gaussian,0.2,benign,4032,Benign,True,benign,0.9987408518791199,benign,0.9892929196357727,0.0
gaussian,0.2,benign,4032,DoS,False,dos-slowloris,0.8154396414756775,dos-goldeneye,0.7191179990768433,0.715079365079365
gaussian,0.2,benign,4032,DDoS_Scan,False,portscan,0.9930504560470581,portscan,0.9745079874992371,0.4922371031746032
gaussian,0.2,benign,4032,BruteForce,False,ssh-patator,0.9971503019332886,ssh-patator,0.9981111288070679,0.38325892857142857
gaussian,0.2,benign,4032,WebBot,False,bot,0.8163335919380188,bot,0.8188697695732117,0.49027777777777787
gaussian,0.2,benign,4032,Tail,False,web-attack-�-sql-injection,0.7284983992576599,infiltration,0.6966475248336792,0.49784226190476194
gaussian,0.2,dos-hulk,380,Benign,False,benign,0.999214231967926,benign,0.945782482624054,0.0
gaussian,0.2,dos-hulk,380,DoS,True,dos-hulk,0.9999107718467712,dos-hulk,0.7328526377677917,0.5913157894736842
gaussian,0.2,dos-hulk,380,DDoS_Scan,False,portscan,0.9936627149581909,portscan,0.9792183637619019,0.4699999999999999
gaussian,0.2,dos-hulk,380,BruteForce,False,ssh-patator,0.9971983432769775,ftp-patator,0.9980165362358093,0.5063157894736843
gaussian,0.2,dos-hulk,380,WebBot,False,web-attack-�-brute-force,0.6863042116165161,bot,0.7638722658157349,0.6647368421052631
gaussian,0.2,dos-hulk,380,Tail,False,web-attack-�-sql-injection,0.8001109957695007,infiltration,0.7094127535820007,0.4563157894736841
gaussian,0.2,portscan,290,Benign,False,benign,0.9982419013977051,benign,0.9784223437309265,0.0
gaussian,0.2,portscan,290,DoS,False,dos-slowloris,0.9486332535743713,dos-goldeneye,0.7430650591850281,0.6993103448275862
gaussian,0.2,portscan,290,DDoS_Scan,True,portscan,0.9999917149543762,portscan,0.9426096677780151,0.37103448275862067
gaussian,0.2,portscan,290,BruteForce,False,ssh-patator,0.9984034895896912,ssh-patator,0.9983857870101929,0.1803448275862069
gaussian,0.2,portscan,290,WebBot,False,bot,0.913439929485321,bot,0.8564079999923706,0.22931034482758622
gaussian,0.2,portscan,290,Tail,False,web-attack-�-sql-injection,0.6893609166145325,web-attack-�-sql-injection,0.6819406747817993,0.4703448275862069
gaussian,0.2,ftp-patator,18,Benign,False,benign,0.9982870817184448,benign,0.9656740427017212,0.0
gaussian,0.2,ftp-patator,18,DoS,False,dos-slowloris,0.8447329998016357,dos-goldeneye,0.7340959310531616,0.65
gaussian,0.2,ftp-patator,18,DDoS_Scan,False,portscan,0.9928557872772217,portscan,0.9517657160758972,0.3555555555555555
gaussian,0.2,ftp-patator,18,BruteForce,True,ftp-patator,0.9997393488883972,ftp-patator,0.9978212118148804,0.4833333333333334
gaussian,0.2,ftp-patator,18,WebBot,False,web-attack-�-brute-force,0.9277614951133728,bot,0.814561665058136,0.6722222222222223
gaussian,0.2,ftp-patator,18,Tail,False,web-attack-�-sql-injection,0.9543609619140625,web-attack-�-sql-injection,0.7167426943778992,0.3555555555555555
gaussian,0.2,bot,5,Benign,False,benign,0.9559530019760132,benign,0.9818010330200195,0.0
gaussian,0.2,bot,5,DoS,False,dos-slowloris,0.9711230397224426,dos-goldeneye,0.6916510462760925,0.5800000000000001
gaussian,0.2,bot,5,DDoS_Scan,False,ddos,0.9989496469497681,portscan,0.9782754182815552,0.62
gaussian,0.2,bot,5,BruteForce,False,ssh-patator,0.9982110857963562,ssh-patator,0.9987824559211731,0.06000000000000001
gaussian,0.2,bot,5,WebBot,True,bot,0.9987584352493286,bot,0.8563324213027954,0.08
gaussian,0.2,bot,5,Tail,False,infiltration,0.9367480278015137,web-attack-�-sql-injection,0.6286552548408508,0.6
gaussian,0.5,benign,4032,Benign,True,benign,0.9987408518791199,benign,0.9874768257141113,0.0
gaussian,0.5,benign,4032,DoS,False,dos-slowloris,0.8154396414756775,dos-goldeneye,0.7170933485031128,0.7462301587301587
gaussian,0.5,benign,4032,DDoS_Scan,False,portscan,0.9930504560470581,portscan,0.9643102884292603,0.49347718253968254
gaussian,0.5,benign,4032,BruteForce,False,ssh-patator,0.9971503019332886,ssh-patator,0.99811851978302,0.3953125
gaussian,0.5,benign,4032,WebBot,False,bot,0.8163335919380188,bot,0.8279720544815063,0.4942708333333333
gaussian,0.5,benign,4032,Tail,False,web-attack-�-sql-injection,0.7284983992576599,infiltration,0.694284975528717,0.5314484126984127
gaussian,0.5,dos-hulk,380,Benign,False,benign,0.999214231967926,benign,0.9377422332763672,0.0
gaussian,0.5,dos-hulk,380,DoS,True,dos-hulk,0.9999107718467712,dos-goldeneye,0.7310327291488647,0.671578947368421
gaussian,0.5,dos-hulk,380,DDoS_Scan,False,portscan,0.9936627149581909,portscan,0.978126049041748,0.4721052631578947
gaussian,0.5,dos-hulk,380,BruteForce,False,ssh-patator,0.9971983432769775,ftp-patator,0.997972846031189,0.5113157894736842
gaussian,0.5,dos-hulk,380,WebBot,False,web-attack-�-brute-force,0.6863042116165161,bot,0.7857953906059265,0.6657894736842105
gaussian,0.5,dos-hulk,380,Tail,False,web-attack-�-sql-injection,0.8001109957695007,infiltration,0.7008878588676453,0.5007894736842106
gaussian,0.5,portscan,290,Benign,False,benign,0.9982419013977051,benign,0.9805474281311035,0.0
gaussian,0.5,portscan,290,DoS,False,dos-slowloris,0.9486332535743713,dos-goldeneye,0.7327127456665039,0.7441379310344829
gaussian,0.5,portscan,290,DDoS_Scan,True,portscan,0.9999917149543762,portscan,0.9442761540412903,0.38517241379310346
gaussian,0.5,portscan,290,BruteForce,False,ssh-patator,0.9984034895896912,ssh-patator,0.9982722401618958,0.2955172413793104
gaussian,0.5,portscan,290,WebBot,False,bot,0.913439929485321,bot,0.8490363955497742,0.2717241379310345
gaussian,0.5,portscan,290,Tail,False,web-attack-�-sql-injection,0.6893609166145325,infiltration,0.6879318356513977,0.4962068965517242
gaussian,0.5,ftp-patator,18,Benign,False,benign,0.9982870817184448,benign,0.9684896469116211,0.0
gaussian,0.5,ftp-patator,18,DoS,False,dos-slowloris,0.8447329998016357,dos-goldeneye,0.7273399233818054,0.6611111111111112
gaussian,0.5,ftp-patator,18,DDoS_Scan,False,portscan,0.9928557872772217,portscan,0.9500982165336609,0.3388888888888889
gaussian,0.5,ftp-patator,18,BruteForce,True,ftp-patator,0.9997393488883972,ftp-patator,0.9978122711181641,0.4833333333333334
gaussian,0.5,ftp-patator,18,WebBot,False,web-attack-�-brute-force,0.9277614951133728,bot,0.8245517015457153,0.7444444444444445
gaussian,0.5,ftp-patator,18,Tail,False,web-attack-�-sql-injection,0.9543609619140625,web-attack-�-sql-injection,0.6977599263191223,0.4666666666666666
gaussian,0.5,bot,5,Benign,False,benign,0.9559530019760132,benign,0.9888415336608887,0.0
gaussian,0.5,bot,5,DoS,False,dos-slowloris,0.9711230397224426,dos-goldeneye,0.6811943650245667,0.7
gaussian,0.5,bot,5,DDoS_Scan,False,ddos,0.9989496469497681,portscan,0.9661394357681274,0.6599999999999999
gaussian,0.5,bot,5,BruteForce,False,ssh-patator,0.9982110857963562,ssh-patator,0.9984251260757446,0.15999999999999998
gaussian,0.5,bot,5,WebBot,True,bot,0.9987584352493286,bot,0.8478676080703735,0.18
gaussian,0.5,bot,5,Tail,False,infiltration,0.9367480278015137,web-attack-�-sql-injection,0.667267918586731,0.54
gaussian,1.0,benign,4032,Benign,True,benign,0.9987408518791199,benign,0.9834383726119995,0.0
gaussian,1.0,benign,4032,DoS,False,dos-slowloris,0.8154396414756775,dos-goldeneye,0.7211909294128418,0.7692212301587301
gaussian,1.0,benign,4032,DDoS_Scan,False,portscan,0.9930504560470581,portscan,0.9584327936172485,0.4948164682539683
gaussian,1.0,benign,4032,BruteForce,False,ssh-patator,0.9971503019332886,ssh-patator,0.9981216192245483,0.402703373015873
gaussian,1.0,benign,4032,WebBot,False,bot,0.8163335919380188,bot,0.8328517079353333,0.49826388888888895
gaussian,1.0,benign,4032,Tail,False,web-attack-�-sql-injection,0.7284983992576599,infiltration,0.6898391842842102,0.564781746031746
gaussian,1.0,dos-hulk,380,Benign,False,benign,0.999214231967926,benign,0.9382468461990356,0.0
gaussian,1.0,dos-hulk,380,DoS,True,dos-hulk,0.9999107718467712,dos-goldeneye,0.7362084984779358,0.7031578947368422
gaussian,1.0,dos-hulk,380,DDoS_Scan,False,portscan,0.9936627149581909,portscan,0.9761974215507507,0.47394736842105256
gaussian,1.0,dos-hulk,380,BruteForce,False,ssh-patator,0.9971983432769775,ftp-patator,0.9979565739631653,0.5121052631578948
gaussian,1.0,dos-hulk,380,WebBot,False,web-attack-�-brute-force,0.6863042116165161,bot,0.7959664463996887,0.6647368421052631
gaussian,1.0,dos-hulk,380,Tail,False,web-attack-�-sql-injection,0.8001109957695007,infiltration,0.6852830052375793,0.5307894736842106
gaussian,1.0,portscan,290,Benign,False,benign,0.9982419013977051,benign,0.9792146682739258,0.0
gaussian,1.0,portscan,290,DoS,False,dos-slowloris,0.9486332535743713,dos-goldeneye,0.7301719188690186,0.7810344827586208
gaussian,1.0,portscan,290,DDoS_Scan,True,portscan,0.9999917149543762,portscan,0.9450479745864868,0.3910344827586207
gaussian,1.0,portscan,290,BruteForce,False,ssh-patator,0.9984034895896912,ssh-patator,0.998195469379425,0.35793103448275865
gaussian,1.0,portscan,290,WebBot,False,bot,0.913439929485321,bot,0.8475961685180664,0.30310344827586205
gaussian,1.0,portscan,290,Tail,False,web-attack-�-sql-injection,0.6893609166145325,infiltration,0.6845472455024719,0.5255172413793103
gaussian,1.0,ftp-patator,18,Benign,False,benign,0.9982870817184448,benign,0.9649724960327148,0.0
gaussian,1.0,ftp-patator,18,DoS,False,dos-slowloris,0.8447329998016357,dos-goldeneye,0.7218326330184937,0.6777777777777778
gaussian,1.0,ftp-patator,18,DDoS_Scan,False,portscan,0.9928557872772217,portscan,0.9485041499137878,0.3277777777777778
gaussian,1.0,ftp-patator,18,BruteForce,True,ftp-patator,0.9997393488883972,ftp-patator,0.9977961778640747,0.4833333333333334
gaussian,1.0,ftp-patator,18,WebBot,False,web-attack-�-brute-force,0.9277614951133728,bot,0.82105952501297,0.7555555555555555
gaussian,1.0,ftp-patator,18,Tail,False,web-attack-�-sql-injection,0.9543609619140625,web-attack-�-sql-injection,0.6867407560348511,0.5111111111111111
gaussian,1.0,bot,5,Benign,False,benign,0.9559530019760132,benign,0.9672335386276245,0.0
gaussian,1.0,bot,5,DoS,False,dos-slowloris,0.9711230397224426,dos-goldeneye,0.7064948678016663,0.8600000000000001
gaussian,1.0,bot,5,DDoS_Scan,False,ddos,0.9989496469497681,portscan,0.9584124684333801,0.6799999999999999
gaussian,1.0,bot,5,BruteForce,False,ssh-patator,0.9982110857963562,ssh-patator,0.9980056881904602,0.36
gaussian,1.0,bot,5,WebBot,True,bot,0.9987584352493286,bot,0.8336557149887085,0.22000000000000003
gaussian,1.0,bot,5,Tail,False,infiltration,0.9367480278015137,web-attack-�-sql-injection,0.6698698401451111,0.6
gaussian,2.0,benign,4032,Benign,True,benign,0.9987408518791199,benign,0.9774966239929199,0.0
gaussian,2.0,benign,4032,DoS,False,dos-slowloris,0.8154396414756775,dos-goldeneye,0.7188827395439148,0.7822172619047618
gaussian,2.0,benign,4032,DDoS_Scan,False,portscan,0.9930504560470581,portscan,0.9538536071777344,0.4958333333333334
gaussian,2.0,benign,4032,BruteForce,False,ssh-patator,0.9971503019332886,ssh-patator,0.998100757598877,0.4208333333333334
gaussian,2.0,benign,4032,WebBot,False,bot,0.8163335919380188,bot,0.8354089856147766,0.5093005952380952
gaussian,2.0,benign,4032,Tail,False,web-attack-�-sql-injection,0.7284983992576599,infiltration,0.6840802431106567,0.5833829365079366
gaussian,2.0,dos-hulk,380,Benign,False,benign,0.999214231967926,benign,0.9453917741775513,0.0
gaussian,2.0,dos-hulk,380,DoS,True,dos-hulk,0.9999107718467712,dos-goldeneye,0.7293832302093506,0.7294736842105263
gaussian,2.0,dos-hulk,380,DDoS_Scan,False,portscan,0.9936627149581909,portscan,0.9708579778671265,0.47605263157894734
gaussian,2.0,dos-hulk,380,BruteForce,False,ssh-patator,0.9971983432769775,ftp-patator,0.9979599714279175,0.5128947368421053
gaussian,2.0,dos-hulk,380,WebBot,False,web-attack-�-brute-force,0.6863042116165161,bot,0.8072618246078491,0.6547368421052633
gaussian,2.0,dos-hulk,380,Tail,False,web-attack-�-sql-injection,0.8001109957695007,infiltration,0.6748774647712708,0.5576315789473685
gaussian,2.0,portscan,290,Benign,False,benign,0.9982419013977051,benign,0.9761244058609009,0.0
gaussian,2.0,portscan,290,DoS,False,dos-slowloris,0.9486332535743713,dos-goldeneye,0.7242006063461304,0.8241379310344827
gaussian,2.0,portscan,290,DDoS_Scan,True,portscan,0.9999917149543762,portscan,0.9451600313186646,0.39448275862068966
gaussian,2.0,portscan,290,BruteForce,False,ssh-patator,0.9984034895896912,ssh-patator,0.9981478452682495,0.4075862068965517
gaussian,2.0,portscan,290,WebBot,False,bot,0.913439929485321,bot,0.8422405123710632,0.3268965517241379
gaussian,2.0,portscan,290,Tail,False,web-attack-�-sql-injection,0.6893609166145325,infiltration,0.6809691190719604,0.5520689655172414
gaussian,2.0,ftp-patator,18,Benign,False,benign,0.9982870817184448,benign,0.9554622769355774,0.0
gaussian,2.0,ftp-patator,18,DoS,False,dos-slowloris,0.8447329998016357,dos-goldeneye,0.7247267961502075,0.7277777777777776
gaussian,2.0,ftp-patator,18,DDoS_Scan,False,portscan,0.9928557872772217,portscan,0.9428794980049133,0.3277777777777778
gaussian,2.0,ftp-patator,18,BruteForce,True,ftp-patator,0.9997393488883972,ftp-patator,0.9978039860725403,0.4833333333333334
gaussian,2.0,ftp-patator,18,WebBot,False,web-attack-�-brute-force,0.9277614951133728,bot,0.8206992149353027,0.7833333333333334
gaussian,2.0,ftp-patator,18,Tail,False,web-attack-�-sql-injection,0.9543609619140625,infiltration,0.6760972738265991,0.55
gaussian,2.0,bot,5,Benign,False,benign,0.9559530019760132,benign,0.950680136680603,0.0
gaussian,2.0,bot,5,DoS,False,dos-slowloris,0.9711230397224426,dos-goldeneye,0.7036763429641724,0.9
gaussian,2.0,bot,5,DDoS_Scan,False,ddos,0.9989496469497681,portscan,0.9610074758529663,0.6799999999999999
gaussian,2.0,bot,5,BruteForce,False,ssh-patator,0.9982110857963562,ssh-patator,0.9977405667304993,0.42000000000000004
gaussian,2.0,bot,5,WebBot,True,bot,0.9987584352493286,bot,0.8312875032424927,0.26
gaussian,2.0,bot,5,Tail,False,infiltration,0.9367480278015137,web-attack-�-sql-injection,0.6762410998344421,0.6
mask,0.05,benign,4032,Benign,True,benign,0.9987408518791199,benign,0.9985653758049011,0.0
mask,0.05,benign,4032,DoS,False,dos-slowloris,0.8154396414756775,dos-slowloris,0.8082550168037415,0.11292162698412697
mask,0.05,benign,4032,DDoS_Scan,False,portscan,0.9930504560470581,ddos,0.9917653799057007,0.02185019841269841
mask,0.05,benign,4032,BruteForce,False,ssh-patator,0.9971503019332886,ssh-patator,0.9973357915878296,7.44047619047619e-05
mask,0.05,benign,4032,WebBot,False,bot,0.8163335919380188,bot,0.8196285367012024,0.06669146825396824
mask,0.05,benign,4032,Tail,False,web-attack-�-sql-injection,0.7284983992576599,web-attack-�-sql-injection,0.721633791923523,0.0767609126984127
mask,0.05,dos-hulk,380,Benign,False,benign,0.999214231967926,benign,0.9622154235839844,0.0
mask,0.05,dos-hulk,380,DoS,True,dos-hulk,0.9999107718467712,dos-hulk,0.9907518625259399,0.009210526315789475
mask,0.05,dos-hulk,380,DDoS_Scan,False,portscan,0.9936627149581909,portscan,0.9929598569869995,0.023157894736842106
mask,0.05,dos-hulk,380,BruteForce,False,ssh-patator,0.9971983432769775,ssh-patator,0.9973147511482239,0.0
mask,0.05,dos-hulk,380,WebBot,False,web-attack-�-brute-force,0.6863042116165161,bot,0.6991552710533142,0.08947368421052632
mask,0.05,dos-hulk,380,Tail,False,web-attack-�-sql-injection,0.8001109957695007,web-attack-�-sql-injection,0.7801152467727661,0.04078947368421053
mask,0.05,portscan,290,Benign,False,benign,0.9982419013977051,benign,0.954919159412384,0.0
mask,0.05,portscan,290,DoS,False,dos-slowloris,0.9486332535743713,dos-slowloris,0.9036203622817993,0.0706896551724138
mask,0.05,portscan,290,DDoS_Scan,True,portscan,0.9999917149543762,portscan,0.9989908337593079,0.0010344827586206897
mask,0.05,portscan,290,BruteForce,False,ssh-patator,0.9984034895896912,ssh-patator,0.9983842968940735,0.0010344827586206897
mask,0.05,portscan,290,WebBot,False,bot,0.913439929485321,bot,0.9144392013549805,0.015517241379310345
mask,0.05,portscan,290,Tail,False,web-attack-�-sql-injection,0.6893609166145325,web-attack-�-sql-injection,0.696655809879303,0.02482758620689655
mask,0.05,ftp-patator,18,Benign,False,benign,0.9982870817184448,benign,0.9746689796447754,0.0
mask,0.05,ftp-patator,18,DoS,False,dos-slowloris,0.8447329998016357,dos-slowloris,0.8223122358322144,0.05
mask,0.05,ftp-patator,18,DDoS_Scan,False,portscan,0.9928557872772217,portscan,0.9929412603378296,0.03888888888888888
mask,0.05,ftp-patator,18,BruteForce,True,ftp-patator,0.9997393488883972,ftp-patator,0.9995088577270508,0.03333333333333333
mask,0.05,ftp-patator,18,WebBot,False,web-attack-�-brute-force,0.9277614951133728,web-attack-�-brute-force,0.8959177136421204,0.07777777777777778
mask,0.05,ftp-patator,18,Tail,False,web-attack-�-sql-injection,0.9543609619140625,web-attack-�-sql-injection,0.9199177622795105,0.02222222222222222
mask,0.05,bot,5,Benign,False,benign,0.9559530019760132,benign,0.8976860046386719,0.0
mask,0.05,bot,5,DoS,False,dos-slowloris,0.9711230397224426,dos-slowloris,0.9599142074584961,0.0
mask,0.05,bot,5,DDoS_Scan,False,ddos,0.9989496469497681,ddos,0.9989348649978638,0.0
mask,0.05,bot,5,BruteForce,False,ssh-patator,0.9982110857963562,ssh-patator,0.9983173608779907,0.0
mask,0.05,bot,5,WebBot,True,bot,0.9987584352493286,bot,0.998709499835968,0.0
mask,0.05,bot,5,Tail,False,infiltration,0.9367480278015137,infiltration,0.9383193850517273,0.0
mask,0.1,benign,4032,Benign,True,benign,0.9987408518791199,benign,0.9984661340713501,0.0
mask,0.1,benign,4032,DoS,False,dos-slowloris,0.8154396414756775,dos-slowloris,0.7976510524749756,0.19957837301587306
mask,0.1,benign,4032,DDoS_Scan,False,portscan,0.9930504560470581,ddos,0.9905326962471008,0.04486607142857143
mask,0.1,benign,4032,BruteForce,False,ssh-patator,0.9971503019332886,ssh-patator,0.9975131154060364,0.0002728174603174603
mask,0.1,benign,4032,WebBot,False,bot,0.8163335919380188,bot,0.8237223625183105,0.12507440476190476
mask,0.1,benign,4032,Tail,False,web-attack-�-sql-injection,0.7284983992576599,web-attack-�-sql-injection,0.7165980339050293,0.14816468253968254
mask,0.1,dos-hulk,380,Benign,False,benign,0.999214231967926,benign,0.9335082769393921,0.0
mask,0.1,dos-hulk,380,DoS,True,dos-hulk,0.9999107718467712,dos-hulk,0.9743494987487793,0.023684210526315787
mask,0.1,dos-hulk,380,DDoS_Scan,False,portscan,0.9936627149581909,portscan,0.991573691368103,0.04789473684210527
mask,0.1,dos-hulk,380,BruteForce,False,ssh-patator,0.9971983432769775,ssh-patator,0.9974411129951477,0.0
mask,0.1,dos-hulk,380,WebBot,False,web-attack-�-brute-force,0.6863042116165161,bot,0.7089158296585083,0.17815789473684213
mask,0.1,dos-hulk,380,Tail,False,web-attack-�-sql-injection,0.8001109957695007,web-attack-�-sql-injection,0.762396514415741,0.08578947368421051
mask,0.1,portscan,290,Benign,False,benign,0.9982419013977051,benign,0.9055008888244629,0.0
mask,0.1,portscan,290,DoS,False,dos-slowloris,0.9486332535743713,dos-slowloris,0.8709069490432739,0.1417241379310345
mask,0.1,portscan,290,DDoS_Scan,True,portscan,0.9999917149543762,portscan,0.992224395275116,0.008275862068965517
mask,0.1,portscan,290,BruteForce,False,ssh-patator,0.9984034895896912,ssh-patator,0.9983706474304199,0.002413793103448276
mask,0.1,portscan,290,WebBot,False,bot,0.913439929485321,bot,0.9165638089179993,0.03206896551724138
mask,0.1,portscan,290,Tail,False,web-attack-�-sql-injection,0.6893609166145325,web-attack-�-sql-injection,0.7079606056213379,0.058275862068965525
mask,0.1,ftp-patator,18,Benign,False,benign,0.9982870817184448,benign,0.941450297832489,0.0
mask,0.1,ftp-patator,18,DoS,False,dos-slowloris,0.8447329998016357,dos-slowloris,0.7943302392959595,0.1222222222222222
mask,0.1,ftp-patator,18,DDoS_Scan,False,portscan,0.9928557872772217,portscan,0.9934141039848328,0.11666666666666665
mask,0.1,ftp-patator,18,BruteForce,True,ftp-patator,0.9997393488883972,ftp-patator,0.998988151550293,0.10555555555555556
mask,0.1,ftp-patator,18,WebBot,False,web-attack-�-brute-force,0.9277614951133728,web-attack-�-brute-force,0.8586819767951965,0.2
mask,0.1,ftp-patator,18,Tail,False,web-attack-�-sql-injection,0.9543609619140625,web-attack-�-sql-injection,0.8584656715393066,0.05555555555555556
mask,0.1,bot,5,Benign,False,benign,0.9559530019760132,benign,0.8486746549606323,0.0
mask,0.1,bot,5,DoS,False,dos-slowloris,0.9711230397224426,dos-slowloris,0.9203420877456665,0.06000000000000001
mask,0.1,bot,5,DDoS_Scan,False,ddos,0.9989496469497681,ddos,0.9989457130432129,0.0
mask,0.1,bot,5,BruteForce,False,ssh-patator,0.9982110857963562,ssh-patator,0.9982989430427551,0.0
mask,0.1,bot,5,WebBot,True,bot,0.9987584352493286,bot,0.99867182970047,0.0
mask,0.1,bot,5,Tail,False,infiltration,0.9367480278015137,infiltration,0.94019615650177,0.0
mask,0.2,benign,4032,Benign,True,benign,0.9987408518791199,benign,0.9985555410385132,0.0
mask,0.2,benign,4032,DoS,False,dos-slowloris,0.8154396414756775,dos-slowloris,0.7729195356369019,0.34203869047619045
mask,0.2,benign,4032,DDoS_Scan,False,portscan,0.9930504560470581,ddos,0.9884698987007141,0.09233630952380953
mask,0.2,benign,4032,BruteForce,False,ssh-patator,0.9971503019332886,ssh-patator,0.9978427886962891,0.0008680555555555556
mask,0.2,benign,4032,WebBot,False,bot,0.8163335919380188,bot,0.8333137631416321,0.2179563492063492
mask,0.2,benign,4032,Tail,False,web-attack-�-sql-injection,0.7284983992576599,web-attack-�-sql-injection,0.7112175226211548,0.2721726190476191
mask,0.2,dos-hulk,380,Benign,False,benign,0.999214231967926,benign,0.9069998860359192,0.0
mask,0.2,dos-hulk,380,DoS,True,dos-hulk,0.9999107718467712,dos-hulk,0.9207972288131714,0.1036842105263158
mask,0.2,dos-hulk,380,DDoS_Scan,False,portscan,0.9936627149581909,portscan,0.9885902404785156,0.09631578947368422
mask,0.2,dos-hulk,380,BruteForce,False,ssh-patator,0.9971983432769775,ssh-patator,0.9977006912231445,0.0
mask,0.2,dos-hulk,380,WebBot,False,web-attack-�-brute-force,0.6863042116165161,bot,0.7291094064712524,0.2992105263157895
mask,0.2,dos-hulk,380,Tail,False,web-attack-�-sql-injection,0.8001109957695007,web-attack-�-sql-injection,0.7342242002487183,0.16368421052631582
mask,0.2,portscan,290,Benign,False,benign,0.9982419013977051,benign,0.8479350805282593,0.0
mask,0.2,portscan,290,DoS,False,dos-slowloris,0.9486332535743713,dos-slowloris,0.8367928266525269,0.263448275862069
mask,0.2,portscan,290,DDoS_Scan,True,portscan,0.9999917149543762,portscan,0.9775434732437134,0.036551724137931035
mask,0.2,portscan,290,BruteForce,False,ssh-patator,0.9984034895896912,ssh-patator,0.9984079599380493,0.004137931034482759
mask,0.2,portscan,290,WebBot,False,bot,0.913439929485321,bot,0.9192894101142883,0.059310344827586216
mask,0.2,portscan,290,Tail,False,web-attack-�-sql-injection,0.6893609166145325,infiltration,0.7265732884407043,0.11827586206896552
mask,0.2,ftp-patator,18,Benign,False,benign,0.9982870817184448,benign,0.8972623944282532,0.0
mask,0.2,ftp-patator,18,DoS,False,dos-slowloris,0.8447329998016357,dos-slowloris,0.773239016532898,0.28888888888888886
mask,0.2,ftp-patator,18,DDoS_Scan,False,portscan,0.9928557872772217,portscan,0.9931048154830933,0.1888888888888889
mask,0.2,ftp-patator,18,BruteForce,True,ftp-patator,0.9997393488883972,ftp-patator,0.998383641242981,0.22222222222222224
mask,0.2,ftp-patator,18,WebBot,False,web-attack-�-brute-force,0.9277614951133728,web-attack-�-brute-force,0.8257266879081726,0.35
mask,0.2,ftp-patator,18,Tail,False,web-attack-�-sql-injection,0.9543609619140625,web-attack-�-sql-injection,0.7943488955497742,0.08888888888888888
mask,0.2,bot,5,Benign,False,benign,0.9559530019760132,benign,0.8415923118591309,0.0
mask,0.2,bot,5,DoS,False,dos-slowloris,0.9711230397224426,dos-slowloris,0.8611780405044556,0.13999999999999999
mask,0.2,bot,5,DDoS_Scan,False,ddos,0.9989496469497681,ddos,0.9988416433334351,0.0
mask,0.2,bot,5,BruteForce,False,ssh-patator,0.9982110857963562,ssh-patator,0.9984477162361145,0.0
mask,0.2,bot,5,WebBot,True,bot,0.9987584352493286,bot,0.9986012578010559,0.0
mask,0.2,bot,5,Tail,False,infiltration,0.9367480278015137,infiltration,0.9433139562606812,0.0
mask,0.3,benign,4032,Benign,True,benign,0.9987408518791199,benign,0.9988116025924683,0.0
mask,0.3,benign,4032,DoS,False,dos-slowloris,0.8154396414756775,dos-slowloris,0.7516590356826782,0.46753472222222225
mask,0.3,benign,4032,DDoS_Scan,False,portscan,0.9930504560470581,ddos,0.9867523312568665,0.1428323412698413
mask,0.3,benign,4032,BruteForce,False,ssh-patator,0.9971503019332886,ssh-patator,0.9981440305709839,0.0012152777777777776
mask,0.3,benign,4032,WebBot,False,bot,0.8163335919380188,bot,0.8483030200004578,0.2932539682539682
mask,0.3,benign,4032,Tail,False,web-attack-�-sql-injection,0.7284983992576599,infiltration,0.7163797616958618,0.3801339285714285
mask,0.3,dos-hulk,380,Benign,False,benign,0.999214231967926,benign,0.9098095893859863,0.0
mask,0.3,dos-hulk,380,DoS,True,dos-hulk,0.9999107718467712,dos-hulk,0.8537281155586243,0.25026315789473685
mask,0.3,dos-hulk,380,DDoS_Scan,False,portscan,0.9936627149581909,ddos,0.9859330058097839,0.15710526315789472
mask,0.3,dos-hulk,380,BruteForce,False,ssh-patator,0.9971983432769775,ssh-patator,0.9979602694511414,0.0
mask,0.3,dos-hulk,380,WebBot,False,web-attack-�-brute-force,0.6863042116165161,bot,0.7496317028999329,0.3918421052631579
mask,0.3,dos-hulk,380,Tail,False,web-attack-�-sql-injection,0.8001109957695007,web-attack-�-sql-injection,0.7202187180519104,0.2363157894736842
mask,0.3,portscan,290,Benign,False,benign,0.9982419013977051,benign,0.8782444000244141,0.0
mask,0.3,portscan,290,DoS,False,dos-slowloris,0.9486332535743713,dos-slowloris,0.8126009106636047,0.38068965517241377
mask,0.3,portscan,290,DDoS_Scan,True,portscan,0.9999917149543762,portscan,0.9596643447875977,0.1006896551724138
mask,0.3,portscan,290,BruteForce,False,ssh-patator,0.9984034895896912,ssh-patator,0.9984706044197083,0.007241379310344828
mask,0.3,portscan,290,WebBot,False,bot,0.913439929485321,bot,0.9227703213691711,0.08758620689655172
mask,0.3,portscan,290,Tail,False,web-attack-�-sql-injection,0.6893609166145325,infiltration,0.7468881011009216,0.18827586206896554
mask,0.3,ftp-patator,18,Benign,False,benign,0.9982870817184448,benign,0.9083417057991028,0.0
mask,0.3,ftp-patator,18,DoS,False,dos-slowloris,0.8447329998016357,dos-slowloris,0.7836852073669434,0.3833333333333333
mask,0.3,ftp-patator,18,DDoS_Scan,False,portscan,0.9928557872772217,portscan,0.9940125346183777,0.26666666666666666
mask,0.3,ftp-patator,18,BruteForce,True,ftp-patator,0.9997393488883972,ftp-patator,0.9979932904243469,0.3
mask,0.3,ftp-patator,18,WebBot,False,web-attack-�-brute-force,0.9277614951133728,bot,0.8215923309326172,0.4833333333333334
mask,0.3,ftp-patator,18,Tail,False,web-attack-�-sql-injection,0.9543609619140625,web-attack-�-sql-injection,0.7582839727401733,0.20555555555555555
mask,0.3,bot,5,Benign,False,benign,0.9559530019760132,benign,0.8386441469192505,0.0
mask,0.3,bot,5,DoS,False,dos-slowloris,0.9711230397224426,dos-slowloris,0.8326921463012695,0.22000000000000003
mask,0.3,bot,5,DDoS_Scan,False,ddos,0.9989496469497681,ddos,0.998631477355957,0.0
mask,0.3,bot,5,BruteForce,False,ssh-patator,0.9982110857963562,ssh-patator,0.998528003692627,0.0
mask,0.3,bot,5,WebBot,True,bot,0.9987584352493286,bot,0.9985599517822266,0.0
mask,0.3,bot,5,Tail,False,infiltration,0.9367480278015137,infiltration,0.9446612596511841,0.0
mask,0.5,benign,4032,Benign,True,benign,0.9987408518791199,benign,0.9994381070137024,0.0
mask,0.5,benign,4032,DoS,False,dos-slowloris,0.8154396414756775,dos-goldeneye,0.7389380931854248,0.6634424603174605
mask,0.5,benign,4032,DDoS_Scan,False,portscan,0.9930504560470581,ddos,0.9853677749633789,0.24833829365079363
mask,0.5,benign,4032,BruteForce,False,ssh-patator,0.9971503019332886,ssh-patator,0.9986922144889832,0.00220734126984127
mask,0.5,benign,4032,WebBot,False,bot,0.8163335919380188,bot,0.8846954107284546,0.39871031746031754
mask,0.5,benign,4032,Tail,False,web-attack-�-sql-injection,0.7284983992576599,infiltration,0.7486217021942139,0.5710813492063491
mask,0.5,dos-hulk,380,Benign,False,benign,0.999214231967926,benign,0.956745982170105,0.0
mask,0.5,dos-hulk,380,DoS,True,dos-hulk,0.9999107718467712,dos-goldeneye,0.7714856863021851,0.613421052631579
mask,0.5,dos-hulk,380,DDoS_Scan,False,portscan,0.9936627149581909,ddos,0.9823251962661743,0.28947368421052627
mask,0.5,dos-hulk,380,BruteForce,False,ssh-patator,0.9971983432769775,ssh-patator,0.9985150098800659,0.0
mask,0.5,dos-hulk,380,WebBot,False,web-attack-�-brute-force,0.6863042116165161,bot,0.8169803619384766,0.5302631578947369
mask,0.5,dos-hulk,380,Tail,False,web-attack-�-sql-injection,0.8001109957695007,infiltration,0.723484456539154,0.39499999999999996
mask,0.5,portscan,290,Benign,False,benign,0.9982419013977051,benign,0.978784441947937,0.0
mask,0.5,portscan,290,DoS,False,dos-slowloris,0.9486332535743713,dos-goldeneye,0.783048689365387,0.6210344827586207
mask,0.5,portscan,290,DDoS_Scan,True,portscan,0.9999917149543762,portscan,0.9278228878974915,0.32275862068965516
mask,0.5,portscan,290,BruteForce,False,ssh-patator,0.9984034895896912,ssh-patator,0.9987024068832397,0.011379310344827585
mask,0.5,portscan,290,WebBot,False,bot,0.913439929485321,bot,0.9347795248031616,0.1310344827586207
mask,0.5,portscan,290,Tail,False,web-attack-�-sql-injection,0.6893609166145325,infiltration,0.7945597767829895,0.34827586206896555
mask,0.5,ftp-patator,18,Benign,False,benign,0.9982870817184448,benign,0.9531798362731934,0.0
mask,0.5,ftp-patator,18,DoS,False,dos-slowloris,0.8447329998016357,dos-goldeneye,0.7745499610900879,0.6777777777777777
mask,0.5,ftp-patator,18,DDoS_Scan,False,portscan,0.9928557872772217,ddos,0.9967390894889832,0.5111111111111111
mask,0.5,ftp-patator,18,BruteForce,True,ftp-patator,0.9997393488883972,ssh-patator,0.997776985168457,0.5111111111111112
mask,0.5,ftp-patator,18,WebBot,False,web-attack-�-brute-force,0.9277614951133728,bot,0.8565903902053833,0.7388888888888888
mask,0.5,ftp-patator,18,Tail,False,web-attack-�-sql-injection,0.9543609619140625,web-attack-�-sql-injection,0.7539653778076172,0.4833333333333333
mask,0.5,bot,5,Benign,False,benign,0.9559530019760132,benign,0.9449853897094727,0.0
mask,0.5,bot,5,DoS,False,dos-slowloris,0.9711230397224426,dos-slowloris,0.7505408525466919,0.5
mask,0.5,bot,5,DDoS_Scan,False,ddos,0.9989496469497681,ddos,0.998709499835968,0.0
mask,0.5,bot,5,BruteForce,False,ssh-patator,0.9982110857963562,ssh-patator,0.998947024345398,0.0
mask,0.5,bot,5,WebBot,True,bot,0.9987584352493286,bot,0.9984506368637085,0.0
mask,0.5,bot,5,Tail,False,infiltration,0.9367480278015137,infiltration,0.948373019695282,0.0
mask,0.7,benign,4032,Benign,True,benign,0.9987408518791199,benign,0.9998137354850769,0.0
mask,0.7,benign,4032,DoS,False,dos-slowloris,0.8154396414756775,dos-goldeneye,0.7658119201660156,0.8009920634920634
mask,0.7,benign,4032,DDoS_Scan,False,portscan,0.9930504560470581,ddos,0.9882616996765137,0.35949900793650796
mask,0.7,benign,4032,BruteForce,False,ssh-patator,0.9971503019332886,ssh-patator,0.9991558790206909,0.0030505952380952377
mask,0.7,benign,4032,WebBot,False,bot,0.8163335919380188,bot,0.9286788105964661,0.4582093253968254
mask,0.7,benign,4032,Tail,False,web-attack-�-sql-injection,0.7284983992576599,infiltration,0.8120201826095581,0.7072420634920635
mask,0.7,dos-hulk,380,Benign,False,benign,0.999214231967926,benign,0.9908424615859985,0.0
mask,0.7,dos-hulk,380,DoS,True,dos-hulk,0.9999107718467712,dos-goldeneye,0.7763059139251709,0.8778947368421054
mask,0.7,dos-hulk,380,DDoS_Scan,False,portscan,0.9936627149581909,ddos,0.9832146763801575,0.4310526315789474
mask,0.7,dos-hulk,380,BruteForce,False,ssh-patator,0.9971983432769775,ssh-patator,0.9990270733833313,0.0
mask,0.7,dos-hulk,380,WebBot,False,web-attack-�-brute-force,0.6863042116165161,bot,0.8952323794364929,0.61
mask,0.7,dos-hulk,380,Tail,False,web-attack-�-sql-injection,0.8001109957695007,infiltration,0.7839111089706421,0.5634210526315789
mask,0.7,portscan,290,Benign,False,benign,0.9982419013977051,benign,0.9985639452934265,0.0
mask,0.7,portscan,290,DoS,False,dos-slowloris,0.9486332535743713,dos-goldeneye,0.7914096713066101,0.8106896551724138
mask,0.7,portscan,290,DDoS_Scan,True,portscan,0.9999917149543762,ddos,0.9339655637741089,0.6120689655172414
mask,0.7,portscan,290,BruteForce,False,ssh-patator,0.9984034895896912,ssh-patator,0.9990620613098145,0.016896551724137933
mask,0.7,portscan,290,WebBot,False,bot,0.913439929485321,bot,0.9536057710647583,0.16241379310344825
mask,0.7,portscan,290,Tail,False,web-attack-�-sql-injection,0.6893609166145325,infiltration,0.8537119626998901,0.4882758620689655
mask,0.7,ftp-patator,18,Benign,False,benign,0.9982870817184448,benign,0.9924672842025757,0.0
mask,0.7,ftp-patator,18,DoS,False,dos-slowloris,0.8447329998016357,dos-goldeneye,0.7944628000259399,0.7611111111111111
mask,0.7,ftp-patator,18,DDoS_Scan,False,portscan,0.9928557872772217,ddos,0.9977079629898071,0.7166666666666667
mask,0.7,ftp-patator,18,BruteForce,True,ftp-patator,0.9997393488883972,ssh-patator,0.9983104467391968,0.7222222222222222
mask,0.7,ftp-patator,18,WebBot,False,web-attack-�-brute-force,0.9277614951133728,bot,0.8923299908638,0.9277777777777778
mask,0.7,ftp-patator,18,Tail,False,web-attack-�-sql-injection,0.9543609619140625,infiltration,0.7585315108299255,0.7833333333333333
mask,0.7,bot,5,Benign,False,benign,0.9559530019760132,benign,0.9987112879753113,0.0
mask,0.7,bot,5,DoS,False,dos-slowloris,0.9711230397224426,dos-goldeneye,0.7479578852653503,0.8
mask,0.7,bot,5,DDoS_Scan,False,ddos,0.9989496469497681,ddos,0.998257040977478,0.0
mask,0.7,bot,5,BruteForce,False,ssh-patator,0.9982110857963562,ssh-patator,0.9992621541023254,0.0
mask,0.7,bot,5,WebBot,True,bot,0.9987584352493286,bot,0.9983439445495605,0.0
mask,0.7,bot,5,Tail,False,infiltration,0.9367480278015137,infiltration,0.951567530632019,0.0
