true_class,pred_class,selected_expert,reason,DoS_Like_Known_accept,Credential_Web_Like_Known_accept,Rare_Fallback_Known_accept,DoS_Like_Known_margin,Credential_Web_Like_Known_margin,Rare_Fallback_Known_margin,DoS_Like_Known_stability,Credential_Web_Like_Known_stability,Rare_Fallback_Known_stability
heartbleed,heartbleed,Rare_Fallback_Known,fallback_accept,False,False,True,-7.040578365325928,-0.010318775661289692,2.018366813659668,0.7442084550857544,0.9735997915267944,0.6576983332633972
heartbleed,heartbleed,Rare_Fallback_Known,fallback_accept,False,False,True,-7.040322780609131,-0.010318775661289692,1.0706682205200195,0.7827372550964355,0.9739047288894653,0.7988241910934448
web-attack-brute-force,web-attack-sql-injection,Rare_Fallback_Known,fallback_accept,False,False,True,-9.22549057006836,-0.0705309584736824,2.6824636459350586,0.5498867630958557,0.852519154548645,0.9990428686141968
web-attack-brute-force,web-attack-xss,Credential_Web_Like_Known,only_accept,False,True,False,-10.121713638305664,0.5614550709724426,-2.840198040008545,0.9728742837905884,0.5304007530212402,0.9991668462753296
web-attack-brute-force,web-attack-brute-force,Credential_Web_Like_Known,only_accept,False,True,True,-7.6539788246154785,0.4785727858543396,0.9223808646202087,0.9739809036254883,0.9988460540771484,0.9999498128890991
web-attack-brute-force,web-attack-brute-force,Credential_Web_Like_Known,only_accept,False,True,True,-4.266852378845215,0.3236828148365021,1.609089970588684,0.6949504613876343,0.9761554598808289,0.9995203018188477
web-attack-brute-force,web-attack-brute-force,Credential_Web_Like_Known,only_accept,False,True,True,-3.7264840602874756,0.4678489863872528,1.0514415502548218,0.6461238861083984,0.9647797346115112,0.9998143315315247
web-attack-brute-force,web-attack-brute-force,Credential_Web_Like_Known,only_accept,False,True,True,-6.709155559539795,0.17709286510944366,1.0514415502548218,0.6098566055297852,0.9863475561141968,0.9998148083686829
web-attack-brute-force,web-attack-brute-force,Credential_Web_Like_Known,only_accept,False,True,True,-3.6004345417022705,0.5090855956077576,1.0514415502548218,0.5743650197982788,0.976824939250946,0.9996846318244934
web-attack-brute-force,web-attack-brute-force,Credential_Web_Like_Known,only_accept,False,True,True,-6.708693504333496,0.1719590574502945,1.0514415502548218,0.7629728317260742,0.9925223588943481,0.9998148083686829
web-attack-brute-force,web-attack-xss,Credential_Web_Like_Known,only_accept,False,True,True,-6.708693504333496,0.16651538014411926,1.0514415502548218,0.8361430168151855,0.8990784883499146,0.999426007270813
web-attack-brute-force,web-attack-xss,Credential_Web_Like_Known,only_accept,False,True,True,-6.709155559539795,0.22229403257369995,1.0514415502548218,0.5323406457901001,0.8709689974784851,0.9998143911361694
web-attack-brute-force,web-attack-xss,Credential_Web_Like_Known,only_accept,False,True,True,-6.7971038818359375,0.013784904032945633,1.0514415502548218,0.6216424107551575,0.936303973197937,0.9994263648986816
web-attack-brute-force,web-attack-brute-force,Credential_Web_Like_Known,only_accept,False,True,True,-6.585940361022949,0.46991562843322754,1.0514415502548218,0.6177300214767456,0.9990147352218628,0.9995560646057129
web-attack-brute-force,web-attack-brute-force,Credential_Web_Like_Known,only_accept,False,True,True,-3.60160231590271,0.5673503279685974,1.0514415502548218,0.5742330551147461,0.938941478729248,0.9998143911361694
web-attack-brute-force,web-attack-xss,Credential_Web_Like_Known,only_accept,False,True,True,-7.369534969329834,0.06173086538910866,1.0414661169052124,0.6857035756111145,0.8942490816116333,0.9998073577880859
web-attack-brute-force,web-attack-brute-force,Credential_Web_Like_Known,only_accept,False,True,True,-10.57420825958252,0.3744264841079712,1.6061967611312866,0.4432979226112366,0.9843921661376953,0.9992462992668152
web-attack-brute-force,web-attack-brute-force,Credential_Web_Like_Known,only_accept,False,True,True,-4.369396686553955,1.0259549617767334,2.6824636459350586,0.4130317270755768,0.9975875616073608,0.9999944567680359
web-attack-brute-force,web-attack-xss,Credential_Web_Like_Known,only_accept,False,True,True,-6.709155559539795,0.10762021690607071,1.0514415502548218,0.5323407053947449,0.907004714012146,0.9998148083686829
web-attack-brute-force,web-attack-brute-force,Credential_Web_Like_Known,only_accept,False,True,False,-10.968398094177246,1.5093059539794922,-2.6824707984924316,0.8423627018928528,0.9950043559074402,0.998451828956604
web-attack-brute-force,web-attack-brute-force,Credential_Web_Like_Known,only_accept,False,True,True,-7.252494812011719,0.004565714858472347,1.0414661169052124,0.6250928044319153,0.941625714302063,0.9992794990539551
web-attack-brute-force,web-attack-brute-force,Credential_Web_Like_Known,only_accept,False,True,True,-3.60160231590271,0.14979010820388794,1.0514415502548218,0.5742330551147461,0.9548840522766113,0.999426007270813
web-attack-brute-force,web-attack-brute-force,Credential_Web_Like_Known,only_accept,False,True,True,-9.47062873840332,0.9615329504013062,2.6824636459350586,0.3882497251033783,0.9979793429374695,0.9995189905166626
web-attack-brute-force,web-attack-xss,Credential_Web_Like_Known,only_accept,False,True,True,-6.708693504333496,0.12027956545352936,1.0514415502548218,0.5326992273330688,0.9093688726425171,0.9999445080757141
web-attack-brute-force,web-attack-brute-force,Credential_Web_Like_Known,only_accept,False,True,True,-3.60160231590271,0.8003634214401245,1.0514415502548218,0.3154663145542145,0.8593735694885254,0.9998148083686829
web-attack-brute-force,web-attack-brute-force,Credential_Web_Like_Known,only_accept,False,True,True,-6.708693504333496,0.38346031308174133,1.0514415502548218,0.760820209980011,0.9981106519699097,0.9996846318244934
web-attack-brute-force,web-attack-brute-force,Credential_Web_Like_Known,only_accept,False,True,True,-3.4630942344665527,0.33768782019615173,1.0514415502548218,0.5638293027877808,0.9780484437942505,0.9996849894523621
web-attack-brute-force,web-attack-brute-force,Credential_Web_Like_Known,only_accept,False,True,True,-9.455390930175781,0.9615329504013062,2.6824636459350586,0.4392867982387543,0.9930950403213501,0.9995193481445312
web-attack-brute-force,web-attack-brute-force,Credential_Web_Like_Known,only_accept,False,True,True,-7.369534969329834,0.25127068161964417,1.0414661169052124,0.6857035160064697,0.9679187536239624,0.9998077154159546
web-attack-brute-force,web-attack-brute-force,Credential_Web_Like_Known,only_accept,False,True,True,-3.6922976970672607,0.8006537556648254,1.0514415502548218,0.6353843808174133,0.9915502667427063,0.9999440908432007
web-attack-brute-force,web-attack-xss,Credential_Web_Like_Known,only_accept,False,True,True,-6.8195929527282715,0.22828932106494904,1.0514415502548218,0.7673810124397278,0.8983463048934937,0.9996849894523621
web-attack-brute-force,web-attack-xss,Credential_Web_Like_Known,only_accept,False,True,True,-6.708693504333496,0.1362474262714386,1.0514415502548218,0.3799009919166565,0.8668597936630249,0.9998143315315247
web-attack-brute-force,web-attack-brute-force,Credential_Web_Like_Known,only_accept,False,True,True,-3.60160231590271,0.1541966050863266,1.0514415502548218,0.551177978515625,0.9822748899459839,0.9999445080757141
web-attack-brute-force,web-attack-xss,Credential_Web_Like_Known,only_accept,False,True,True,-6.709155559539795,0.16362568736076355,1.0514415502548218,0.37942197918891907,0.8765056729316711,0.9996854662895203
web-attack-brute-force,web-attack-brute-force,Credential_Web_Like_Known,meta_router,True,True,True,0.21213752031326294,2.4438962936401367,1.350075602531433,0.7236446142196655,0.9884880781173706,0.999605655670166
web-attack-brute-force,web-attack-brute-force,Credential_Web_Like_Known,only_accept,False,True,False,-9.695420265197754,1.700515627861023,-2.6824707984924316,0.822202205657959,0.9933696985244751,0.9984188079833984
web-attack-brute-force,web-attack-sql-injection,Rare_Fallback_Known,fallback_accept,False,False,True,-6.703718662261963,-0.019188091158866882,1.0514415502548218,0.8382887840270996,0.9788426160812378,0.9994263648986816
web-attack-brute-force,web-attack-brute-force,Credential_Web_Like_Known,only_accept,False,True,True,-7.2277045249938965,0.09766796976327896,1.0514415502548218,0.6183542013168335,0.9461750984191895,0.9996858835220337
web-attack-brute-force,web-attack-brute-force,Credential_Web_Like_Known,only_accept,False,True,True,-9.455390930175781,0.9287661910057068,2.6824636459350586,0.25119516253471375,0.9949342012405396,0.9990419149398804
web-attack-brute-force,web-attack-brute-force,Credential_Web_Like_Known,only_accept,False,True,True,-6.585632801055908,0.11059131473302841,1.0514415502548218,0.5415052175521851,0.979103684425354,0.999943733215332
web-attack-brute-force,web-attack-brute-force,Credential_Web_Like_Known,only_accept,False,True,True,-6.8195929527282715,1.0023045539855957,1.0514415502548218,0.6897188425064087,0.987015426158905,0.9996849894523621
web-attack-brute-force,web-attack-brute-force,Credential_Web_Like_Known,only_accept,False,True,True,-6.709155559539795,0.12010780721902847,1.0514415502548218,0.6077434420585632,0.963403582572937,0.9995557069778442
web-attack-brute-force,web-attack-xss,Credential_Web_Like_Known,only_accept,False,True,True,-3.6014811992645264,0.09834792464971542,1.0514415502548218,0.6452177166938782,0.9026514887809753,0.9998151659965515
web-attack-brute-force,web-attack-brute-force,Credential_Web_Like_Known,only_accept,False,True,True,-7.766628265380859,0.1933036893606186,1.0414661169052124,0.49361205101013184,0.9943345785140991,0.9996312856674194
web-attack-brute-force,web-attack-brute-force,Credential_Web_Like_Known,only_accept,False,True,True,-3.7249271869659424,0.9672030806541443,1.0514415502548218,0.5758296847343445,0.9860780835151672,0.9998155832290649
web-attack-brute-force,web-attack-brute-force,Credential_Web_Like_Known,only_accept,False,True,True,-6.709155559539795,0.119913749396801,1.0514415502548218,0.6077434420585632,0.9627105593681335,0.9999440908432007
web-attack-brute-force,web-attack-brute-force,Credential_Web_Like_Known,only_accept,False,True,True,-3.60160231590271,0.282256543636322,1.0514415502548218,0.3863518536090851,0.9389333724975586,0.9996854662895203
web-attack-brute-force,web-attack-xss,Credential_Web_Like_Known,only_accept,False,True,True,-6.796525478363037,0.11608637869358063,1.0514415502548218,0.8449398279190063,0.8909031748771667,0.9999440908432007
web-attack-brute-force,web-attack-brute-force,Credential_Web_Like_Known,only_accept,False,True,True,-3.7251460552215576,0.20731353759765625,1.0514415502548218,0.39012062549591064,0.9965567588806152,0.9999445080757141
web-attack-brute-force,web-attack-brute-force,Credential_Web_Like_Known,only_accept,False,True,True,-10.752877235412598,0.23651888966560364,1.0414661169052124,0.6455239057540894,0.9591009020805359,0.9994556307792664
web-attack-brute-force,web-attack-sql-injection,Rare_Fallback_Known,fallback_accept,False,False,True,-6.703718662261963,-0.03355802595615387,1.0514415502548218,0.37819379568099976,0.8890714645385742,0.9995557069778442
web-attack-brute-force,web-attack-brute-force,Credential_Web_Like_Known,only_accept,False,True,True,-3.6014811992645264,0.11210882663726807,1.0514415502548218,0.8329243659973145,0.9546511769294739,0.9998143315315247
web-attack-brute-force,web-attack-xss,Credential_Web_Like_Known,only_accept,False,True,True,-3.7251460552215576,0.18909966945648193,1.0514415502548218,0.5763379335403442,0.7860864400863647,0.9998148083686829
web-attack-brute-force,web-attack-brute-force,Credential_Web_Like_Known,only_accept,False,True,True,-4.369396686553955,1.0259549617767334,2.6824636459350586,0.6781671047210693,0.9975875616073608,0.9990419149398804
web-attack-brute-force,web-attack-brute-force,Credential_Web_Like_Known,only_accept,False,True,True,-3.4630942344665527,0.6012917757034302,1.0514415502548218,0.40366825461387634,0.9852287173271179,0.9998148083686829
web-attack-brute-force,web-attack-sql-injection,Rare_Fallback_Known,fallback_accept,False,False,True,-6.709155559539795,-0.04543452709913254,1.0514415502548218,0.6098566055297852,0.9506022334098816,0.9998148083686829
web-attack-brute-force,web-attack-brute-force,Credential_Web_Like_Known,only_accept,False,True,True,-3.6014811992645264,0.18460488319396973,1.0514415502548218,0.7390431761741638,0.9993789792060852,0.9998148083686829
web-attack-brute-force,web-attack-brute-force,Credential_Web_Like_Known,only_accept,False,True,True,-3.7251460552215576,0.5187699198722839,1.0514415502548218,0.24831882119178772,0.9736822843551636,0.9996854662895203
web-attack-brute-force,web-attack-xss,Credential_Web_Like_Known,only_accept,False,True,True,-9.689351081848145,0.08846499025821686,1.0414661169052124,0.5169072151184082,0.8797105550765991,0.9996307492256165
web-attack-brute-force,web-attack-brute-force,Credential_Web_Like_Known,only_accept,False,True,True,-6.585940361022949,0.20736682415008545,1.0514415502548218,0.692082405090332,0.9860242009162903,0.9996858835220337
web-attack-brute-force,web-attack-brute-force,Credential_Web_Like_Known,only_accept,False,True,True,-3.6014811992645264,0.11379362642765045,1.0514415502548218,0.3156511187553406,0.9507893323898315,0.9998148083686829
web-attack-brute-force,web-attack-brute-force,Credential_Web_Like_Known,only_accept,False,True,True,-3.6014811992645264,0.4827318489551544,1.0514415502548218,0.6451619863510132,0.9603675603866577,0.9998148083686829
web-attack-brute-force,web-attack-xss,Credential_Web_Like_Known,only_accept,False,True,True,-7.1189775466918945,0.27131387591362,1.0514415502548218,0.46374550461769104,0.8431962728500366,0.9996858835220337
web-attack-brute-force,web-attack-brute-force,Credential_Web_Like_Known,only_accept,False,True,True,-3.6912312507629395,0.8064062595367432,1.0514415502548218,0.4977304935455322,0.995629608631134,0.9999449849128723
web-attack-brute-force,web-attack-brute-force,Credential_Web_Like_Known,only_accept,False,True,True,-3.7249271869659424,0.12973140180110931,1.0514415502548218,0.4114852547645569,0.9620046615600586,0.9995557069778442
web-attack-brute-force,web-attack-brute-force,Credential_Web_Like_Known,meta_router,True,True,True,0.32677608728408813,1.8953570127487183,1.350075602531433,0.881644070148468,0.9475612640380859,0.999606728553772
web-attack-brute-force,web-attack-xss,Credential_Web_Like_Known,only_accept,False,True,True,-7.456780433654785,0.2081361562013626,1.0414661169052124,0.4102172255516052,0.8183940052986145,0.9998068809509277
web-attack-brute-force,web-attack-brute-force,Credential_Web_Like_Known,only_accept,False,True,True,-7.475544452667236,0.08289112150669098,1.0414661169052124,0.3313763737678528,0.9232875108718872,0.9999834299087524
web-attack-brute-force,web-attack-xss,Credential_Web_Like_Known,only_accept,False,True,True,-10.57420825958252,0.0028419638983905315,1.6061967611312866,0.6008495092391968,0.8317356109619141,0.9994918704032898
web-attack-brute-force,web-attack-brute-force,Credential_Web_Like_Known,only_accept,False,True,True,-3.60160231590271,1.0658317804336548,1.0514415502548218,0.4802924692630768,0.9930151104927063,0.9996849894523621
web-attack-brute-force,web-attack-xss,Credential_Web_Like_Known,only_accept,False,True,True,-6.585940361022949,0.09012032300233841,1.0514415502548218,0.5423237681388855,0.9578958749771118,0.9998143315315247
web-attack-brute-force,web-attack-brute-force,Credential_Web_Like_Known,only_accept,False,True,True,-3.60160231590271,0.7019694447517395,1.0514415502548218,0.5741773247718811,0.9827402830123901,0.9995557069778442
web-attack-brute-force,web-attack-brute-force,Credential_Web_Like_Known,only_accept,False,True,False,-9.81810474395752,1.618053913116455,-2.6824707984924316,0.8114619255065918,0.9962218999862671,0.9983842968940735
web-attack-brute-force,web-attack-xss,Credential_Web_Like_Known,only_accept,False,True,True,-6.796525478363037,0.16170591115951538,1.0514415502548218,0.47327882051467896,0.9065645337104797,0.999943733215332
web-attack-brute-force,web-attack-brute-force,Credential_Web_Like_Known,only_accept,False,True,True,-9.455390930175781,0.8715824484825134,2.6824636459350586,0.4392867982387543,0.9981096982955933,0.9995193481445312
web-attack-brute-force,web-attack-xss,Credential_Web_Like_Known,only_accept,False,True,True,-3.60160231590271,0.14032232761383057,1.0514415502548218,0.551177978515625,0.9973881840705872,0.9996858835220337
web-attack-brute-force,web-attack-brute-force,Credential_Web_Like_Known,only_accept,False,True,True,-7.000180244445801,0.00267808698117733,1.0514415502548218,0.5452682375907898,0.95814448595047,0.9995557069778442
web-attack-brute-force,web-attack-brute-force,Credential_Web_Like_Known,meta_router,True,True,True,0.28570055961608887,2.179765462875366,1.350075602531433,0.6649876832962036,0.9841612577438354,0.999801754951477
web-attack-brute-force,web-attack-brute-force,Credential_Web_Like_Known,only_accept,False,True,True,-4.307647228240967,1.1135045289993286,2.6824636459350586,0.4221792221069336,0.9924627542495728,0.9995193481445312
web-attack-brute-force,web-attack-brute-force,Credential_Web_Like_Known,only_accept,False,True,True,-7.990347385406494,0.23085637390613556,1.0514415502548218,0.7624994516372681,0.9629872441291809,0.9999448657035828
web-attack-brute-force,web-attack-xss,Credential_Web_Like_Known,only_accept,False,True,True,-6.8195929527282715,0.08684368431568146,1.0514415502548218,0.6120567321777344,0.9145678281784058,0.9996846318244934
web-attack-brute-force,web-attack-brute-force,Credential_Web_Like_Known,only_accept,False,True,True,-7.226714134216309,0.212770015001297,1.0514415502548218,0.7657767534255981,0.9736138582229614,0.9998148083686829
web-attack-brute-force,web-attack-brute-force,Credential_Web_Like_Known,only_accept,False,True,True,-3.6014811992645264,0.5525322556495667,1.0514415502548218,0.645217776298523,0.9417384266853333,0.9996846318244934
web-attack-brute-force,web-attack-brute-force,Credential_Web_Like_Known,only_accept,False,True,True,-6.709155559539795,0.228038489818573,1.0514415502548218,0.3794219493865967,0.9957326650619507,0.9995557069778442
web-attack-brute-force,web-attack-xss,Credential_Web_Like_Known,only_accept,False,True,True,-3.60160231590271,0.062205929309129715,1.0514415502548218,0.4094069004058838,0.8338375091552734,0.9995557069778442
web-attack-brute-force,web-attack-brute-force,Credential_Web_Like_Known,only_accept,False,True,True,-3.6004345417022705,0.5649914145469666,1.0514415502548218,0.621679425239563,0.9724611043930054,0.9994258880615234
web-attack-brute-force,web-attack-xss,Credential_Web_Like_Known,only_accept,False,True,True,-6.708693504333496,0.0769975557923317,1.0514415502548218,0.6080220341682434,0.9111458659172058,0.999426007270813
web-attack-brute-force,web-attack-brute-force,Credential_Web_Like_Known,only_accept,False,True,True,-3.6014811992645264,0.6266191005706787,1.0514415502548218,0.4095602035522461,0.9381359815597534,0.9996849894523621
web-attack-brute-force,web-attack-brute-force,Credential_Web_Like_Known,only_accept,False,True,True,-6.796525478363037,0.21245282888412476,1.0514415502548218,0.4014030396938324,0.9893983602523804,0.9998148083686829
web-attack-brute-force,web-attack-brute-force,Credential_Web_Like_Known,meta_router,True,True,True,0.285756915807724,2.230863094329834,1.350075602531433,0.6039280891418457,0.9801892042160034,0.9996061325073242
web-attack-brute-force,web-attack-brute-force,Credential_Web_Like_Known,only_accept,False,True,True,-6.8195929527282715,0.20972736179828644,1.0514415502548218,0.7630378007888794,0.9217191934585571,0.9998148083686829
web-attack-brute-force,web-attack-xss,Credential_Web_Like_Known,only_accept,False,True,True,-6.708693504333496,0.047421734780073166,1.0514415502548218,0.6876500248908997,0.8801363110542297,0.9995557069778442
web-attack-brute-force,web-attack-brute-force,Credential_Web_Like_Known,only_accept,False,True,True,-10.57420825958252,0.625389039516449,1.6061967611312866,0.6804472804069519,0.9732252359390259,0.9997382164001465
web-attack-brute-force,web-attack-brute-force,Credential_Web_Like_Known,meta_router,True,True,True,0.520284116268158,2.051619529724121,1.350075602531433,0.784648060798645,0.9896763563156128,0.9994115829467773
web-attack-brute-force,web-attack-brute-force,Credential_Web_Like_Known,only_accept,False,True,False,-9.864398002624512,1.5724900960922241,-2.6824707984924316,0.7397201657295227,0.9992690086364746,0.998451828956604
web-attack-brute-force,web-attack-brute-force,Credential_Web_Like_Known,only_accept,False,True,True,-4.307647228240967,1.1135045289993286,2.6824636459350586,0.6815822124481201,0.9925556182861328,0.999043345451355
web-attack-brute-force,web-attack-brute-force,Credential_Web_Like_Known,only_accept,False,True,True,-3.60160231590271,0.13358832895755768,1.0514415502548218,0.38635188341140747,0.9462481737136841,0.9998155832290649
web-attack-brute-force,web-attack-sql-injection,Rare_Fallback_Known,fallback_accept,False,False,True,-3.463005781173706,-0.0018318380462005734,1.0514415502548218,0.259288489818573,0.937291145324707,0.9996846318244934
web-attack-brute-force,web-attack-brute-force,Credential_Web_Like_Known,only_accept,False,True,True,-3.60160231590271,0.45685115456581116,1.0514415502548218,0.3384934961795807,0.9790287017822266,0.9999449849128723
web-attack-brute-force,web-attack-brute-force,Credential_Web_Like_Known,only_accept,False,True,True,-3.6014811992645264,0.1507560759782791,1.0514415502548218,0.6221550703048706,0.9432581663131714,0.9995557069778442
web-attack-brute-force,web-attack-brute-force,Credential_Web_Like_Known,only_accept,False,True,True,-10.54885196685791,0.3122606873512268,1.360376238822937,0.5204089879989624,0.980093777179718,0.9995570182800293
web-attack-brute-force,web-attack-brute-force,Credential_Web_Like_Known,only_accept,False,True,True,-3.4631752967834473,0.26184090971946716,1.0514415502548218,0.5861891508102417,0.9719277620315552,0.9999440908432007
web-attack-brute-force,web-attack-xss,Credential_Web_Like_Known,only_accept,False,True,True,-10.57420825958252,0.026860659942030907,1.6061967611312866,0.5212517976760864,0.8690266609191895,0.9997373819351196
web-attack-brute-force,web-attack-xss,Credential_Web_Like_Known,only_accept,False,True,True,-10.608755111694336,0.20829510688781738,1.360376238822937,0.6900497674942017,0.7903391718864441,0.99934321641922
web-attack-brute-force,web-attack-brute-force,Credential_Web_Like_Known,meta_router,True,True,True,0.5612612366676331,1.870019793510437,1.350075602531433,0.5978134870529175,0.9878070950508118,0.9998011589050293
web-attack-brute-force,web-attack-brute-force,Credential_Web_Like_Known,only_accept,False,True,False,-9.771156311035156,1.603297472000122,-2.6824707984924316,0.712210476398468,0.9935866594314575,0.9984518885612488
web-attack-brute-force,web-attack-brute-force,Credential_Web_Like_Known,only_accept,False,True,True,-3.60160231590271,0.12673988938331604,1.0514415502548218,0.4802924692630768,0.9357689023017883,0.9998139142990112
web-attack-brute-force,web-attack-brute-force,Credential_Web_Like_Known,only_accept,False,True,True,-3.6014811992645264,0.7602925896644592,1.0514415502548218,0.6451619863510132,0.9559640884399414,0.9998148083686829
web-attack-brute-force,web-attack-xss,Credential_Web_Like_Known,only_accept,False,True,True,-10.608755111694336,0.2111179083585739,1.360376238822937,0.6867465972900391,0.8351389169692993,0.9993427991867065
web-attack-brute-force,web-attack-brute-force,Credential_Web_Like_Known,only_accept,False,True,True,-6.796525478363037,0.019930999726057053,1.0514415502548218,0.6211243867874146,0.9573065638542175,0.9996846318244934
web-attack-brute-force,web-attack-xss,Credential_Web_Like_Known,only_accept,False,True,True,-3.60160231590271,0.29359161853790283,1.0514415502548218,0.6450628638267517,0.999121367931366,0.9996849894523621
web-attack-brute-force,web-attack-brute-force,Credential_Web_Like_Known,only_accept,False,True,True,-6.709155559539795,0.10916746407747269,1.0514415502548218,0.6077433824539185,0.9903642535209656,0.999945342540741
web-attack-brute-force,web-attack-brute-force,Credential_Web_Like_Known,only_accept,False,True,True,-3.4631752967834473,0.3339250087738037,1.0514415502548218,0.5862377882003784,0.9961310625076294,0.9995557069778442
web-attack-brute-force,web-attack-xss,Credential_Web_Like_Known,only_accept,False,True,True,-10.57420825958252,0.19378896057605743,1.360376238822937,0.6853789687156677,0.854274570941925,0.9999839663505554
web-attack-brute-force,web-attack-brute-force,Credential_Web_Like_Known,only_accept,False,True,True,-4.369396686553955,1.0663788318634033,2.6824636459350586,0.4326964020729065,0.997444748878479,0.9995183944702148
web-attack-brute-force,web-attack-sql-injection,Rare_Fallback_Known,fallback_accept,False,False,True,-3.6913836002349854,-0.04679550975561142,1.0514415502548218,0.4293554723262787,0.9950369596481323,0.9996851086616516
web-attack-brute-force,web-attack-brute-force,Credential_Web_Like_Known,only_accept,False,True,True,-6.585940361022949,0.14626917243003845,1.0514415502548218,0.6177300214767456,0.9991620779037476,0.9998148083686829
web-attack-brute-force,web-attack-brute-force,Credential_Web_Like_Known,only_accept,False,True,True,-6.8195929527282715,0.08424502611160278,1.0514415502548218,0.5343945622444153,0.93635094165802,0.9995557069778442
web-attack-brute-force,web-attack-sql-injection,Rare_Fallback_Known,fallback_accept,False,False,True,-6.703718662261963,-0.07810206711292267,1.0514415502548218,0.6857417821884155,0.9222552180290222,0.9998143911361694
web-attack-brute-force,web-attack-brute-force,Credential_Web_Like_Known,meta_router,True,True,True,0.32677164673805237,2.4486212730407715,1.350075602531433,0.8129709959030151,0.9868661761283875,0.999605655670166
web-attack-brute-force,web-attack-brute-force,Credential_Web_Like_Known,only_accept,False,True,False,-10.968398094177246,1.5088192224502563,-2.6824707984924316,0.8971401453018188,0.9933941960334778,0.9983859062194824
web-attack-brute-force,web-attack-brute-force,Credential_Web_Like_Known,only_accept,False,True,True,-10.54885196685791,0.6701567769050598,1.6061967611312866,0.7621811628341675,0.9895622134208679,0.9992459416389465
web-attack-brute-force,web-attack-brute-force,Credential_Web_Like_Known,only_accept,False,True,True,-6.826131343841553,0.1904752552509308,1.0514415502548218,0.688973069190979,0.9192043542861938,0.9996854662895203
web-attack-brute-force,web-attack-brute-force,Credential_Web_Like_Known,meta_router,True,True,True,0.5612568259239197,1.8926544189453125,1.350075602531433,0.7753310203552246,0.9913169741630554,0.999801754951477
web-attack-brute-force,web-attack-xss,Credential_Web_Like_Known,only_accept,False,True,True,-6.709155559539795,0.3559648394584656,1.0514415502548218,0.5323406457901001,0.9429584741592407,0.999426007270813
web-attack-brute-force,web-attack-brute-force,Credential_Web_Like_Known,only_accept,False,True,False,-9.771156311035156,1.6970711946487427,-2.6824707984924316,0.8606609106063843,0.9904720187187195,0.9983685612678528
web-attack-brute-force,web-attack-brute-force,Credential_Web_Like_Known,only_accept,False,True,True,-6.8195929527282715,0.18015798926353455,1.0514415502548218,0.8407000303268433,0.9386717081069946,0.9995557069778442
web-attack-brute-force,web-attack-brute-force,Credential_Web_Like_Known,only_accept,False,True,True,-10.608755111694336,0.4634748101234436,1.6061967611312866,0.6900497674942017,0.99018794298172,0.9999849200248718
web-attack-brute-force,web-attack-brute-force,Credential_Web_Like_Known,only_accept,False,True,True,-3.6014811992645264,0.15509970486164093,1.0514415502548218,0.4095602035522461,0.9579542875289917,0.9998143911361694
web-attack-brute-force,web-attack-sql-injection,Rare_Fallback_Known,fallback_accept,False,False,True,-6.585940361022949,-0.08956475555896759,1.0514415502548218,0.6166761517524719,0.9228049516677856,0.9999440908432007
web-attack-brute-force,web-attack-brute-force,Credential_Web_Like_Known,only_accept,False,True,True,-6.708693504333496,0.18285542726516724,1.0514415502548218,0.6080220341682434,0.9892370104789734,0.9998151659965515
web-attack-brute-force,web-attack-brute-force,Credential_Web_Like_Known,only_accept,False,True,True,-7.990347385406494,0.7801014184951782,1.0514415502548218,0.6457017660140991,0.9957166910171509,0.9996854662895203
web-attack-brute-force,web-attack-sql-injection,Rare_Fallback_Known,fallback_accept,False,False,True,-3.60160231590271,-0.09542778134346008,1.0514415502548218,0.6681736707687378,0.9707942008972168,0.999426007270813
web-attack-brute-force,web-attack-brute-force,Credential_Web_Like_Known,only_accept,False,True,True,-6.8195929527282715,0.3100373446941376,1.0514415502548218,0.6897189021110535,0.9637150764465332,0.9996846318244934
web-attack-brute-force,web-attack-brute-force,Credential_Web_Like_Known,only_accept,False,True,True,-3.4630942344665527,0.5451624989509583,1.0514415502548218,0.49499279260635376,0.9878915548324585,0.9996851086616516
web-attack-brute-force,web-attack-brute-force,Credential_Web_Like_Known,only_accept,False,True,True,-6.709155559539795,0.07610966265201569,1.0514415502548218,0.45693787932395935,0.9633210301399231,0.999943733215332
web-attack-brute-force,web-attack-brute-force,Credential_Web_Like_Known,only_accept,False,True,True,-6.708693504333496,0.11819484084844589,1.0514415502548218,0.6101746559143066,0.9778887629508972,0.9996851086616516
web-attack-brute-force,web-attack-brute-force,Credential_Web_Like_Known,only_accept,False,True,True,-3.6910057067871094,0.4275510609149933,1.0514415502548218,0.5843186974525452,0.9777189493179321,0.9998148083686829
web-attack-brute-force,web-attack-brute-force,Credential_Web_Like_Known,meta_router,True,True,True,0.2531566917896271,2.7290124893188477,1.350075602531433,0.7714362144470215,0.9912301898002625,0.9998011589050293
web-attack-brute-force,web-attack-brute-force,Credential_Web_Like_Known,only_accept,False,True,True,-4.307647228240967,1.1135045289993286,2.6824636459350586,0.44279903173446655,0.9926484227180481,0.9995193481445312
web-attack-brute-force,web-attack-brute-force,Credential_Web_Like_Known,only_accept,False,True,True,-6.585632801055908,0.04291924089193344,1.0514415502548218,0.5415052175521851,0.9983283281326294,0.9998151659965515
web-attack-brute-force,web-attack-brute-force,Credential_Web_Like_Known,only_accept,False,True,True,-3.4619364738464355,0.8009956479072571,1.0514415502548218,0.42111286520957947,0.995644748210907,0.9996854066848755
web-attack-brute-force,web-attack-brute-force,Credential_Web_Like_Known,only_accept,False,True,True,-3.4630942344665527,0.13682037591934204,1.0514415502548218,0.6551538705825806,0.983634352684021,0.9995552897453308
web-attack-brute-force,web-attack-xss,Credential_Web_Like_Known,only_accept,False,True,True,-10.57420825958252,0.05671354755759239,1.6061967611312866,0.6041373014450073,0.9026316404342651,0.9997382164001465
web-attack-brute-force,web-attack-xss,Credential_Web_Like_Known,only_accept,False,True,True,-6.709155559539795,0.05709368735551834,1.0514415502548218,0.6852594017982483,0.9270617365837097,0.9999445676803589
web-attack-brute-force,web-attack-brute-force,Credential_Web_Like_Known,only_accept,False,True,True,-3.4630942344665527,0.10686782002449036,1.0514415502548218,0.6775690317153931,0.9829283952713013,0.9996849894523621
web-attack-brute-force,web-attack-brute-force,Credential_Web_Like_Known,only_accept,False,True,True,-10.368525505065918,0.34733328223228455,1.0514415502548218,0.6521809101104736,0.9807472229003906,0.9995557069778442
web-attack-brute-force,web-attack-brute-force,Credential_Web_Like_Known,only_accept,False,True,True,-3.6004345417022705,0.5682746767997742,1.0514415502548218,0.4096793234348297,0.9786778688430786,0.9998148083686829
web-attack-brute-force,web-attack-brute-force,Credential_Web_Like_Known,only_accept,False,True,True,-3.60160231590271,0.38711825013160706,1.0514415502548218,0.5741773247718811,0.897487998008728,0.9998143911361694
web-attack-brute-force,web-attack-xss,Credential_Web_Like_Known,only_accept,False,True,True,-10.571761131286621,0.12710435688495636,1.6061967611312866,0.6048145294189453,0.8217466473579407,0.9997382164001465
web-attack-brute-force,web-attack-brute-force,Credential_Web_Like_Known,only_accept,False,True,False,-11.110164642333984,1.5389925241470337,-2.6824707984924316,0.8639078140258789,0.9939947128295898,0.9984518885612488
web-attack-brute-force,web-attack-brute-force,Credential_Web_Like_Known,only_accept,False,True,True,-13.02929401397705,0.8983257412910461,2.6824636459350586,0.6602627635002136,0.995099663734436,0.9985664486885071
web-attack-brute-force,web-attack-brute-force,Credential_Web_Like_Known,only_accept,False,True,True,-6.708693504333496,0.10844076424837112,1.0514415502548218,0.7629728317260742,0.9264978170394897,0.9996854662895203
web-attack-brute-force,web-attack-xss,Credential_Web_Like_Known,only_accept,False,True,True,-7.92621374130249,0.35958078503608704,1.0514415502548218,0.6476854085922241,0.6369348764419556,0.9998143911361694
web-attack-brute-force,web-attack-brute-force,Credential_Web_Like_Known,only_accept,False,True,True,-3.6004345417022705,0.08216970413923264,1.0514415502548218,0.8330597877502441,0.9784232378005981,0.9996854662895203
web-attack-brute-force,web-attack-brute-force,Credential_Web_Like_Known,only_accept,False,True,True,-6.708023548126221,0.23837992548942566,1.0514415502548218,0.603809654712677,0.9777783155441284,0.9998151659965515
web-attack-brute-force,web-attack-xss,Credential_Web_Like_Known,only_accept,False,True,True,-10.428560256958008,0.05740639939904213,1.0414661169052124,0.7007418870925903,0.8833914995193481,0.9996321797370911
web-attack-brute-force,web-attack-brute-force,Credential_Web_Like_Known,only_accept,False,True,True,-3.6014811992645264,0.5392496585845947,1.0514415502548218,0.5743435025215149,0.935146689414978,0.9998155832290649
web-attack-brute-force,web-attack-brute-force,Credential_Web_Like_Known,only_accept,False,True,True,-7.264878273010254,1.0949642658233643,2.394904851913452,0.7650711536407471,0.9916738271713257,0.9999863505363464
web-attack-brute-force,web-attack-xss,Credential_Web_Like_Known,only_accept,False,True,True,-9.55996036529541,0.13117441534996033,1.0414661169052124,0.6460031867027283,0.8901915550231934,0.9996312260627747
web-attack-brute-force,web-attack-xss,Credential_Web_Like_Known,only_accept,False,True,True,-10.571761131286621,0.1047384962439537,1.360376238822937,0.7650566697120667,0.830743670463562,0.9999844431877136
web-attack-brute-force,web-attack-brute-force,Credential_Web_Like_Known,only_accept,False,True,True,-8.0054349899292,0.6207404732704163,1.0514415502548218,0.5490071177482605,0.9928330183029175,0.9998148083686829
web-attack-brute-force,web-attack-brute-force,Credential_Web_Like_Known,meta_router,True,True,True,0.7679287195205688,2.563964605331421,1.350075602531433,0.913177490234375,0.9850738644599915,0.9994109869003296
web-attack-brute-force,web-attack-xss,Credential_Web_Like_Known,only_accept,False,True,True,-9.622400283813477,0.1986003965139389,1.0414661169052124,0.6608485579490662,0.862771213054657,0.9994556307792664
web-attack-brute-force,web-attack-brute-force,Credential_Web_Like_Known,only_accept,False,True,True,-3.4631752967834473,0.19393359124660492,1.0514415502548218,0.5861891508102417,0.9579877853393555,0.9995557069778442
web-attack-brute-force,web-attack-brute-force,Credential_Web_Like_Known,only_accept,False,True,True,-6.58091402053833,0.5640425086021423,1.0514415502548218,0.7665489912033081,0.9924317598342896,0.9995557069778442
web-attack-brute-force,web-attack-brute-force,Credential_Web_Like_Known,only_accept,False,True,True,-10.547150611877441,0.39320462942123413,1.6061967611312866,0.6074550151824951,0.9907386898994446,0.9994922876358032
web-attack-brute-force,web-attack-brute-force,Credential_Web_Like_Known,only_accept,False,True,True,-6.585940361022949,0.11774654686450958,1.0514415502548218,0.6166761517524719,0.9763258099555969,0.9995552897453308
web-attack-brute-force,web-attack-xss,Credential_Web_Like_Known,only_accept,False,True,True,-9.624024391174316,0.19497299194335938,1.0414661169052124,0.6944650411605835,0.8534512519836426,0.9998068809509277
web-attack-brute-force,web-attack-brute-force,Credential_Web_Like_Known,only_accept,False,True,True,-6.826816558837891,0.2965778708457947,1.0514415502548218,0.9156399965286255,0.9771041870117188,0.9998151659965515
web-attack-brute-force,web-attack-xss,Credential_Web_Like_Known,only_accept,False,True,True,-10.571761131286621,0.0284595787525177,1.0414661169052124,0.5239823460578918,0.8729351758956909,0.9996321797370911
web-attack-brute-force,web-attack-brute-force,Credential_Web_Like_Known,only_accept,False,True,True,-4.369396686553955,1.03406822681427,2.6824636459350586,0.565264105796814,0.9975558519363403,0.9985664486885071
web-attack-brute-force,web-attack-xss,Credential_Web_Like_Known,only_accept,False,True,True,-3.60160231590271,0.1339390128850937,1.0514415502548218,0.6680900454521179,0.828944981098175,0.9995552897453308
web-attack-brute-force,web-attack-brute-force,Credential_Web_Like_Known,only_accept,False,True,True,-11.591943740844727,0.7661240696907043,2.6824636459350586,0.5873433351516724,0.9990431070327759,0.9995185136795044
web-attack-brute-force,web-attack-brute-force,Credential_Web_Like_Known,only_accept,False,True,True,-3.6014811992645264,0.408062607049942,1.0514415502548218,0.645162045955658,0.9613577127456665,0.999943733215332
web-attack-brute-force,web-attack-brute-force,Credential_Web_Like_Known,only_accept,False,True,True,-3.6014811992645264,0.2422304004430771,1.0514415502548218,0.8099174499511719,0.9665125012397766,0.9996854662895203
web-attack-brute-force,web-attack-brute-force,Credential_Web_Like_Known,only_accept,False,True,True,-3.4631752967834473,0.2647812068462372,1.0514415502548218,0.49486804008483887,0.9613436460494995,0.9998139142990112
web-attack-brute-force,web-attack-brute-force,Credential_Web_Like_Known,only_accept,False,True,True,-6.585632801055908,0.2375446856021881,1.0514415502548218,0.6922578811645508,0.9972203969955444,0.9998143911361694
web-attack-brute-force,web-attack-xss,Credential_Web_Like_Known,only_accept,False,True,True,-7.369534969329834,0.06213957071304321,1.0414661169052124,0.5478627681732178,0.8591699600219727,0.9996312260627747
web-attack-brute-force,web-attack-brute-force,Credential_Web_Like_Known,meta_router,True,True,True,0.7269062995910645,2.82248592376709,1.350075602531433,0.7214824557304382,0.9920015335083008,0.9998012781143188
web-attack-brute-force,web-attack-xss,Credential_Web_Like_Known,only_accept,False,True,True,-7.369534969329834,0.12155314534902573,1.0414661169052124,0.7749916911125183,0.8636722564697266,0.9998072385787964
web-attack-brute-force,web-attack-brute-force,Credential_Web_Like_Known,only_accept,False,True,True,-3.4631752967834473,0.618986189365387,1.0514415502548218,0.5861891508102417,0.9770525693893433,0.999426007270813
web-attack-brute-force,web-attack-brute-force,Credential_Web_Like_Known,only_accept,False,True,True,-6.585940361022949,0.0986979752779007,1.0514415502548218,0.6910284757614136,0.984137237071991,0.9996854662895203
web-attack-brute-force,web-attack-xss,Credential_Web_Like_Known,only_accept,False,True,True,-7.758993148803711,0.10962094366550446,1.0414661169052124,0.8317168951034546,0.8952147364616394,0.9994551539421082
web-attack-brute-force,web-attack-brute-force,Credential_Web_Like_Known,only_accept,False,True,True,-9.536935806274414,0.042203109711408615,1.0414661169052124,0.5309606790542603,0.9470237493515015,0.9998077154159546
web-attack-brute-force,web-attack-brute-force,Credential_Web_Like_Known,only_accept,False,True,True,-9.936924934387207,0.9617747068405151,2.6824636459350586,0.41913849115371704,0.996604323387146,0.9990428686141968
web-attack-brute-force,web-attack-brute-force,Credential_Web_Like_Known,only_accept,False,True,True,-3.7249271869659424,0.34403103590011597,1.0514415502548218,0.8113406896591187,0.8791415095329285,0.9996858835220337
web-attack-brute-force,web-attack-brute-force,Credential_Web_Like_Known,only_accept,False,True,True,-3.60160231590271,0.17904667556285858,1.0514415502548218,0.4802924692630768,0.9789568781852722,0.9998143911361694
web-attack-brute-force,web-attack-brute-force,Credential_Web_Like_Known,only_accept,False,True,True,-3.7249271869659424,0.30086731910705566,1.0514415502548218,0.5045077204704285,0.9708347320556641,0.9995557069778442
web-attack-brute-force,web-attack-xss,Credential_Web_Like_Known,only_accept,False,True,True,-6.820423603057861,0.1382751166820526,1.0514415502548218,0.6897386908531189,0.9154713749885559,0.9996858835220337
web-attack-brute-force,web-attack-sql-injection,Rare_Fallback_Known,fallback_accept,False,False,True,-6.709155559539795,-0.015543848276138306,1.0514415502548218,0.6119698286056519,0.9151383638381958,0.9996854662895203
web-attack-brute-force,web-attack-brute-force,Credential_Web_Like_Known,only_accept,False,True,True,-13.029298782348633,1.067556381225586,2.6824636459350586,0.697745680809021,0.9960305094718933,0.9990432858467102
web-attack-brute-force,web-attack-brute-force,Credential_Web_Like_Known,only_accept,False,True,True,-3.60160231590271,0.22497157752513885,1.0514415502548218,0.3154663145542145,0.9233987927436829,0.9995560646057129
web-attack-brute-force,web-attack-brute-force,Credential_Web_Like_Known,meta_router,True,True,True,0.7679254412651062,2.482891798019409,1.350075602531433,0.7270293235778809,0.9915432929992676,0.9998005628585815
web-attack-brute-force,web-attack-brute-force,Credential_Web_Like_Known,only_accept,False,True,True,-3.60160231590271,0.03653404861688614,1.0514415502548218,0.5742330551147461,0.9471640586853027,0.9999440908432007
web-attack-brute-force,web-attack-brute-force,Credential_Web_Like_Known,only_accept,False,True,True,-3.4631752967834473,1.0610277652740479,1.0514415502548218,0.3336000442504883,0.9932827949523926,0.9996858835220337
web-attack-brute-force,web-attack-xss,Credential_Web_Like_Known,only_accept,False,True,True,-10.57420825958252,0.24465076625347137,1.360376238822937,0.602493405342102,0.8804272413253784,0.9997707605361938
web-attack-brute-force,web-attack-brute-force,Credential_Web_Like_Known,only_accept,False,True,True,-3.6014811992645264,0.7462778091430664,1.0514415502548218,0.48043447732925415,0.9310803413391113,0.9996854662895203
web-attack-brute-force,web-attack-brute-force,Credential_Web_Like_Known,only_accept,False,True,True,-7.252905368804932,0.16210083663463593,1.0414661169052124,0.41077345609664917,0.9510802030563354,0.9998077154159546
web-attack-brute-force,web-attack-brute-force,Credential_Web_Like_Known,only_accept,False,True,True,-3.4631752967834473,0.04936264455318451,1.0514415502548218,0.4948923587799072,0.9708365201950073,0.9996846318244934
web-attack-brute-force,web-attack-brute-force,Credential_Web_Like_Known,only_accept,False,True,True,-3.6014811992645264,0.23405081033706665,1.0514415502548218,0.5512808561325073,0.9582050442695618,0.9996849894523621
web-attack-brute-force,web-attack-brute-force,Credential_Web_Like_Known,only_accept,False,True,True,-7.542634010314941,0.08221716433763504,1.0414661169052124,0.7058681845664978,0.9569435119628906,0.9998073577880859
web-attack-brute-force,web-attack-brute-force,Credential_Web_Like_Known,only_accept,False,True,True,-3.60160231590271,0.7202298045158386,1.0514415502548218,0.7159484028816223,0.8838483095169067,0.9998143911361694
web-attack-brute-force,web-attack-brute-force,Credential_Web_Like_Known,only_accept,False,True,False,-9.695420265197754,1.6673996448516846,-2.6824707984924316,0.8451725840568542,0.9904577136039734,0.998418927192688
web-attack-brute-force,web-attack-xss,Credential_Web_Like_Known,only_accept,False,True,True,-7.369534969329834,0.12994828820228577,1.0414661169052124,0.6269670724868774,0.8880681991577148,0.9998077154159546
web-attack-brute-force,web-attack-xss,Credential_Web_Like_Known,only_accept,False,True,True,-7.369534969329834,0.30269521474838257,1.0414661169052124,0.5376788973808289,0.851699709892273,0.9996312856674194
web-attack-brute-force,web-attack-brute-force,Credential_Web_Like_Known,meta_router,True,True,True,0.32679155468940735,1.8314329385757446,1.350075602531433,0.8304412961006165,0.9744995832443237,0.9996055364608765
web-attack-brute-force,web-attack-brute-force,Credential_Web_Like_Known,only_accept,False,True,False,-9.694887161254883,1.6883149147033691,-2.6859822273254395,0.7850416302680969,0.9931701421737671,0.9984182119369507
web-attack-brute-force,web-attack-brute-force,Credential_Web_Like_Known,only_accept,False,True,True,-4.307647228240967,1.1135045289993286,2.6824636459350586,0.5931203961372375,0.9949666261672974,0.9976139068603516
web-attack-brute-force,web-attack-xss,Credential_Web_Like_Known,only_accept,False,True,True,-7.36892032623291,0.21636921167373657,1.0414661169052124,0.7649872303009033,0.8707563281059265,0.9994556307792664
web-attack-brute-force,web-attack-brute-force,Credential_Web_Like_Known,only_accept,False,True,True,-3.7264840602874756,0.4861489236354828,1.0514415502548218,0.41058844327926636,0.9935800433158875,0.9998151659965515
web-attack-brute-force,web-attack-xss,Credential_Web_Like_Known,only_accept,False,True,True,-3.6014811992645264,0.16066409647464752,1.0514415502548218,0.5513086915016174,0.9706945419311523,0.9999440908432007
web-attack-brute-force,web-attack-brute-force,Credential_Web_Like_Known,only_accept,False,True,True,-10.571761131286621,0.2344682812690735,1.6061967611312866,0.685646653175354,0.9921698570251465,0.9997373819351196
web-attack-brute-force,web-attack-xss,Credential_Web_Like_Known,only_accept,False,True,True,-9.624024391174316,0.04006160795688629,1.0414661169052124,0.6354672312736511,0.8723268508911133,0.9996312260627747
web-attack-brute-force,web-attack-brute-force,Credential_Web_Like_Known,only_accept,False,True,True,-9.557296752929688,0.05423130840063095,1.0414661169052124,0.8627627491950989,0.9779821634292603,0.9996307492256165
web-attack-brute-force,web-attack-brute-force,Credential_Web_Like_Known,only_accept,False,True,True,-3.60160231590271,0.3093707263469696,1.0514415502548218,0.5742330551147461,0.9065467715263367,0.9995557069778442
web-attack-brute-force,web-attack-brute-force,Credential_Web_Like_Known,only_accept,False,True,True,-3.4631752967834473,0.08285646140575409,1.0514415502548218,0.49486809968948364,0.942410945892334,0.9996849894523621
web-attack-brute-force,web-attack-xss,Credential_Web_Like_Known,only_accept,False,True,True,-7.757748126983643,0.04075383022427559,1.0414661169052124,0.7055584788322449,0.8950235247612,0.9999834299087524
web-attack-brute-force,web-attack-xss,Credential_Web_Like_Known,only_accept,False,True,True,-3.6913836002349854,0.07959844917058945,1.0514415502548218,0.5669599771499634,0.8383705019950867,0.9999449849128723
web-attack-brute-force,web-attack-brute-force,Credential_Web_Like_Known,meta_router,True,True,True,0.7679287195205688,2.6654114723205566,1.350075602531433,0.9361189007759094,0.9876629710197449,0.9999957084655762
web-attack-brute-force,web-attack-brute-force,Credential_Web_Like_Known,only_accept,False,True,True,-3.4631752967834473,0.3775477707386017,1.0514415502548218,0.5862377882003784,0.9973673820495605,0.9995557069778442
web-attack-brute-force,web-attack-brute-force,Credential_Web_Like_Known,only_accept,False,True,True,-7.232505798339844,1.3307849168777466,2.6824636459350586,0.5475670695304871,0.9932378530502319,0.9995189905166626
web-attack-brute-force,web-attack-xss,Credential_Web_Like_Known,only_accept,False,True,True,-9.622400283813477,0.07483913004398346,1.0414661169052124,0.5025011301040649,0.9508063197135925,0.9998068809509277
web-attack-brute-force,web-attack-xss,Credential_Web_Like_Known,only_accept,False,True,True,-7.252905368804932,0.11139780282974243,1.0414661169052124,0.9160518646240234,0.9373534917831421,0.9996312856674194
web-attack-brute-force,web-attack-xss,Credential_Web_Like_Known,only_accept,False,True,True,-7.991200923919678,0.11306934058666229,1.0514415502548218,0.5100497603416443,0.8728113174438477,0.9998139142990112
web-attack-brute-force,web-attack-brute-force,Credential_Web_Like_Known,only_accept,False,True,True,-3.7251460552215576,0.10455814003944397,1.0514415502548218,0.4832603335380554,0.9981764554977417,0.9996846318244934
web-attack-brute-force,web-attack-brute-force,Credential_Web_Like_Known,only_accept,False,True,True,-3.4631752967834473,0.1934380978345871,1.0514415502548218,0.4260231852531433,0.9697926640510559,0.9998143315315247
web-attack-brute-force,web-attack-brute-force,Credential_Web_Like_Known,meta_router,True,True,True,0.28570055961608887,2.2513062953948975,1.350075602531433,0.7110892534255981,0.981812596321106,0.9996072053909302
web-attack-brute-force,web-attack-brute-force,Credential_Web_Like_Known,only_accept,False,True,True,-10.605257034301758,0.11801188439130783,1.0514415502548218,0.6434561014175415,0.980076014995575,0.9998148083686829
web-attack-brute-force,web-attack-brute-force,Credential_Web_Like_Known,only_accept,False,True,True,-3.4621081352233887,0.7216520309448242,1.0514415502548218,0.5863143801689148,0.9913568496704102,0.9996854662895203
web-attack-brute-force,web-attack-brute-force,Credential_Web_Like_Known,only_accept,False,True,True,-12.957727432250977,1.0859678983688354,2.6824636459350586,0.5861517190933228,0.9998763203620911,0.999043345451355
web-attack-brute-force,web-attack-brute-force,Credential_Web_Like_Known,only_accept,False,True,True,-7.369534969329834,0.20014864206314087,1.0414661169052124,0.7749916911125183,0.9472449421882629,0.9998077154159546
web-attack-brute-force,web-attack-brute-force,Credential_Web_Like_Known,only_accept,False,True,True,-3.60160231590271,0.23179377615451813,1.0514415502548218,0.551177978515625,0.9926772117614746,0.9999433755874634
web-attack-brute-force,web-attack-xss,Credential_Web_Like_Known,only_accept,False,True,True,-7.1189775466918945,0.12168469280004501,1.0514415502548218,0.3852882385253906,0.8859866857528687,0.9995552897453308
web-attack-brute-force,web-attack-brute-force,Credential_Web_Like_Known,only_accept,False,True,True,-7.119528293609619,0.1356804072856903,1.0514415502548218,0.6133379936218262,0.9486719965934753,0.9998151659965515
web-attack-brute-force,web-attack-brute-force,Credential_Web_Like_Known,meta_router,True,True,True,0.7679287195205688,2.6428756713867188,1.350075602531433,0.7216991782188416,0.9916688203811646,0.9998006820678711
web-attack-brute-force,web-attack-brute-force,Credential_Web_Like_Known,only_accept,False,True,True,-3.4630942344665527,0.03749921917915344,1.0514415502548218,0.6775690317153931,0.9429227709770203,0.9994263648986816
web-attack-brute-force,web-attack-brute-force,Credential_Web_Like_Known,only_accept,False,True,True,-9.5584077835083,0.11321844160556793,1.0414661169052124,0.7243764996528625,0.9632409811019897,0.9994560480117798
web-attack-brute-force,web-attack-brute-force,Credential_Web_Like_Known,only_accept,False,True,True,-10.547150611877441,0.032665301114320755,1.6061967611312866,0.6936473846435547,0.9616459012031555,0.9992459416389465
web-attack-brute-force,web-attack-brute-force,Credential_Web_Like_Known,only_accept,False,True,True,-6.796525478363037,0.5180010199546814,1.0514415502548218,0.39730900526046753,0.9757153391838074,0.9999448657035828
web-attack-brute-force,web-attack-xss,Credential_Web_Like_Known,only_accept,False,True,True,-7.251790523529053,0.21636097133159637,1.0414661169052124,0.7682760953903198,0.8122075796127319,0.9999829530715942
web-attack-brute-force,web-attack-brute-force,Credential_Web_Like_Known,only_accept,False,True,True,-10.544235229492188,0.5299654603004456,1.6061967611312866,0.772741436958313,0.9938204884529114,0.999491810798645
web-attack-brute-force,web-attack-brute-force,Credential_Web_Like_Known,only_accept,False,True,True,-3.60160231590271,0.7358396649360657,1.0514415502548218,0.31546634435653687,0.8987237215042114,0.9996854662895203
web-attack-brute-force,web-attack-brute-force,Credential_Web_Like_Known,only_accept,False,True,True,-9.624024391174316,0.06740324199199677,1.0414661169052124,0.7784667015075684,0.929000198841095,0.9992796182632446
web-attack-brute-force,web-attack-brute-force,Credential_Web_Like_Known,only_accept,False,True,True,-7.2277045249938965,0.11016702651977539,1.0514415502548218,0.8441377878189087,0.9298890829086304,0.9996846318244934
web-attack-brute-force,web-attack-brute-force,Credential_Web_Like_Known,only_accept,False,True,True,-10.369980812072754,0.5539754629135132,1.6061967611312866,0.7489550709724426,0.9875763058662415,0.9994922876358032
web-attack-brute-force,web-attack-brute-force,Credential_Web_Like_Known,only_accept,False,True,True,-3.6018106937408447,0.7216753363609314,1.0514415502548218,0.5809880495071411,0.9910260438919067,0.9996849894523621
web-attack-brute-force,web-attack-sql-injection,Rare_Fallback_Known,fallback_accept,False,False,True,-3.4631752967834473,-0.011156695894896984,1.0514415502548218,0.5862377882003784,0.9864371418952942,0.9999440908432007
web-attack-brute-force,web-attack-brute-force,Credential_Web_Like_Known,only_accept,False,True,True,-12.957727432250977,0.6491596102714539,2.6824636459350586,0.5702444314956665,0.998026967048645,0.999518871307373
web-attack-brute-force,web-attack-xss,Credential_Web_Like_Known,only_accept,False,True,True,-3.60160231590271,0.09834685176610947,1.0514415502548218,0.6681736707687378,0.9343318939208984,0.9996858835220337
web-attack-brute-force,web-attack-brute-force,Credential_Web_Like_Known,only_accept,False,True,True,-3.6014811992645264,0.6369239687919617,1.0514415502548218,0.6681690216064453,0.978084921836853,0.9996854662895203
web-attack-brute-force,web-attack-brute-force,Credential_Web_Like_Known,only_accept,False,True,True,-10.54885196685791,0.03630094975233078,1.360376238822937,0.6875025629997253,0.9664915204048157,0.999984085559845
web-attack-brute-force,web-attack-brute-force,Credential_Web_Like_Known,only_accept,False,True,True,-3.7249271869659424,0.641072690486908,1.0514415502548218,0.6470273733139038,0.9643330574035645,0.9996854662895203
web-attack-brute-force,web-attack-xss,Credential_Web_Like_Known,only_accept,False,True,True,-6.709155559539795,0.10505424439907074,1.0514415502548218,0.4548247456550598,0.936202883720398,0.9998143315315247
web-attack-brute-force,web-attack-brute-force,Credential_Web_Like_Known,only_accept,False,True,True,-3.7249271869659424,0.42246246337890625,1.0514415502548218,0.6470894813537598,0.9806842803955078,0.9998143911361694
web-attack-brute-force,web-attack-xss,Credential_Web_Like_Known,only_accept,False,True,True,-7.36892032623291,0.2431708574295044,1.0414661169052124,0.4004203677177429,0.8224132657051086,0.9996317028999329
web-attack-brute-force,web-attack-brute-force,Credential_Web_Like_Known,only_accept,False,True,True,-3.6014811992645264,0.038202010095119476,1.0514415502548218,0.6682525873184204,0.9771710634231567,0.9998148083686829
web-attack-brute-force,web-attack-brute-force,Credential_Web_Like_Known,only_accept,False,True,True,-6.585632801055908,0.06045173108577728,1.0514415502548218,0.4672061800956726,0.936597466468811,0.9995557069778442
web-attack-brute-force,web-attack-brute-force,Credential_Web_Like_Known,only_accept,False,True,True,-3.7249271869659424,0.2567654550075531,1.0514415502548218,0.8113406896591187,0.9642446637153625,0.9996854066848755
web-attack-brute-force,web-attack-brute-force,Credential_Web_Like_Known,only_accept,False,True,True,-11.481014251708984,0.9462888240814209,2.6824636459350586,0.4864550530910492,0.9965715408325195,0.9990428686141968
web-attack-brute-force,web-attack-brute-force,Credential_Web_Like_Known,only_accept,False,True,True,-3.6912312507629395,0.12733674049377441,1.0514415502548218,0.5880569219589233,0.9816826581954956,0.9998140335083008
web-attack-brute-force,web-attack-xss,Credential_Web_Like_Known,only_accept,False,True,True,-7.000180244445801,0.12979328632354736,1.0514415502548218,0.4732150435447693,0.9237983822822571,0.9996858835220337
web-attack-brute-force,web-attack-brute-force,Credential_Web_Like_Known,only_accept,False,True,True,-3.4619364738464355,0.8460986614227295,1.0514415502548218,0.5825468301773071,0.9941297769546509,0.9995560646057129
web-attack-brute-force,web-attack-xss,Credential_Web_Like_Known,only_accept,False,True,True,-10.57420825958252,0.09688727557659149,1.6061967611312866,0.524539589881897,0.8646117448806763,0.999491810798645
web-attack-brute-force,web-attack-xss,Credential_Web_Like_Known,only_accept,False,True,True,-6.709155559539795,0.1920897513628006,1.0514415502548218,0.6852594017982483,0.8661214709281921,0.9998143315315247
web-attack-brute-force,web-attack-brute-force,Credential_Web_Like_Known,only_accept,False,True,True,-3.7251460552215576,0.21437367796897888,1.0514415502548218,0.4123283922672272,0.9779588580131531,0.9999449849128723
web-attack-brute-force,web-attack-brute-force,Credential_Web_Like_Known,only_accept,False,True,True,-7.757748126983643,0.00027285932446829975,1.0414661169052124,0.40372323989868164,0.9574785232543945,0.9996312260627747
web-attack-brute-force,web-attack-brute-force,Credential_Web_Like_Known,meta_router,True,True,True,0.25321415066719055,2.487968921661377,1.350075602531433,0.6778483986854553,0.9869152307510376,0.9998011589050293
web-attack-brute-force,web-attack-brute-force,Credential_Web_Like_Known,only_accept,False,True,True,-7.226714134216309,0.11635028570890427,1.0514415502548218,0.6180420517921448,0.9440349340438843,0.9995552897453308
web-attack-brute-force,web-attack-brute-force,Credential_Web_Like_Known,only_accept,False,True,True,-9.917943954467773,0.9617747068405151,2.6824636459350586,0.6630394458770752,0.9981111288070679,0.9990428686141968
web-attack-brute-force,web-attack-xss,Credential_Web_Like_Known,only_accept,False,True,True,-6.703718662261963,0.024927271530032158,1.0514415502548218,0.6082413196563721,0.8706886172294617,0.9998148083686829
web-attack-brute-force,web-attack-brute-force,Credential_Web_Like_Known,only_accept,False,True,True,-3.4631752967834473,0.3894626796245575,1.0514415502548218,0.40354689955711365,0.9500209093093872,0.9996846318244934
web-attack-brute-force,web-attack-brute-force,Credential_Web_Like_Known,only_accept,False,True,True,-7.369534969329834,0.077182836830616,1.0414661169052124,0.5478628277778625,0.9211888313293457,0.9996308088302612
web-attack-brute-force,web-attack-brute-force,Credential_Web_Like_Known,only_accept,False,True,False,-9.695420265197754,1.6782087087631226,-2.6824707984924316,0.822202205657959,0.9961751103401184,0.9983528852462769
web-attack-brute-force,web-attack-xss,Credential_Web_Like_Known,only_accept,False,True,True,-7.000180244445801,0.006467312574386597,1.0514415502548218,0.6925877332687378,0.879224419593811,0.9999445676803589
web-attack-brute-force,web-attack-brute-force,Credential_Web_Like_Known,only_accept,False,True,True,-9.917943954467773,0.8073768019676208,2.6824636459350586,0.42629575729370117,0.9970695376396179,0.9995189905166626
web-attack-brute-force,web-attack-xss,Credential_Web_Like_Known,only_accept,False,True,True,-10.57420825958252,0.1472291499376297,1.6061967611312866,0.6057811975479126,0.8910517692565918,0.9994922876358032
web-attack-brute-force,web-attack-brute-force,Credential_Web_Like_Known,only_accept,False,True,True,-3.60160231590271,0.11274392157793045,1.0514415502548218,0.4094069004058838,0.9734562635421753,0.9998151659965515
web-attack-brute-force,web-attack-xss,Credential_Web_Like_Known,only_accept,False,True,True,-7.655070781707764,0.1623394787311554,1.0414661169052124,0.7149547338485718,0.876351535320282,0.9998081922531128
web-attack-brute-force,web-attack-brute-force,Credential_Web_Like_Known,only_accept,False,True,True,-7.747840404510498,0.27223607897758484,1.0414661169052124,0.6308494210243225,0.972302258014679,0.999982476234436
web-attack-brute-force,web-attack-xss,Credential_Web_Like_Known,only_accept,False,True,True,-9.624024391174316,0.08045490831136703,1.0414661169052124,0.8784826397895813,0.8995752334594727,0.9994556307792664
web-attack-brute-force,web-attack-xss,Credential_Web_Like_Known,only_accept,False,True,True,-9.696368217468262,0.11626789718866348,1.0414661169052124,0.6419936418533325,0.8093006014823914,0.9998068809509277
web-attack-brute-force,web-attack-brute-force,Credential_Web_Like_Known,only_accept,False,True,True,-9.5584077835083,0.062219273298978806,1.0414661169052124,0.5579145550727844,0.9679931402206421,0.9998073577880859
web-attack-brute-force,web-attack-brute-force,Credential_Web_Like_Known,only_accept,False,True,True,-3.7249271869659424,0.40089914202690125,1.0514415502548218,0.5757675766944885,0.921840488910675,0.9996854662895203
web-attack-brute-force,web-attack-brute-force,Credential_Web_Like_Known,only_accept,False,True,False,-9.752185821533203,1.5599268674850464,-2.6824707984924316,0.8012546300888062,0.995485782623291,0.9984345436096191
web-attack-brute-force,web-attack-brute-force,Credential_Web_Like_Known,only_accept,False,True,True,-3.60160231590271,0.24484580755233765,1.0514415502548218,0.6450628638267517,0.9034937620162964,0.9995557069778442
web-attack-brute-force,web-attack-xss,Credential_Web_Like_Known,only_accept,False,True,True,-6.708693504333496,0.08339323103427887,1.0514415502548218,0.4573764204978943,0.8950826525688171,0.9996854662895203
web-attack-brute-force,web-attack-brute-force,Credential_Web_Like_Known,only_accept,False,True,True,-3.4630942344665527,0.19381439685821533,1.0514415502548218,0.6551052927970886,0.9721441268920898,0.9999445676803589
web-attack-brute-force,web-attack-brute-force,Credential_Web_Like_Known,only_accept,False,True,True,-3.6912312507629395,0.016219504177570343,1.0514415502548218,0.4977003037929535,0.9661182165145874,0.9999445080757141
web-attack-brute-force,web-attack-brute-force,Credential_Web_Like_Known,only_accept,False,True,True,-7.542168617248535,0.013423748314380646,1.0414661169052124,0.5632239580154419,0.9752219915390015,0.9996312260627747
web-attack-brute-force,web-attack-brute-force,Credential_Web_Like_Known,only_accept,False,True,False,-9.740843772888184,1.5619937181472778,-2.6824707984924316,0.8322997093200684,0.9909377098083496,0.9983859062194824
web-attack-brute-force,web-attack-xss,Credential_Web_Like_Known,only_accept,False,True,True,-7.1175856590271,0.048974622040987015,1.0514415502548218,0.38627275824546814,0.761696994304657,0.9996854066848755
web-attack-brute-force,web-attack-brute-force,Credential_Web_Like_Known,only_accept,False,True,True,-3.6014811992645264,0.3034359812736511,1.0514415502548218,0.33865806460380554,0.9170624017715454,0.9998151659965515
web-attack-brute-force,web-attack-brute-force,Credential_Web_Like_Known,only_accept,False,True,True,-7.2063727378845215,0.2505233883857727,1.0514415502548218,0.6264745593070984,0.9898831248283386,0.9995557069778442
web-attack-brute-force,web-attack-brute-force,Credential_Web_Like_Known,only_accept,False,True,True,-6.708693504333496,0.14499935507774353,1.0514415502548218,0.45522385835647583,0.981949508190155,0.9995557069778442
web-attack-brute-force,web-attack-brute-force,Credential_Web_Like_Known,only_accept,False,True,True,-7.474442005157471,0.37806078791618347,1.0414661169052124,0.47625526785850525,0.9762056469917297,0.9996317028999329
web-attack-brute-force,web-attack-brute-force,Credential_Web_Like_Known,only_accept,False,True,True,-6.7971038818359375,0.2195652574300766,1.0514415502548218,0.54967200756073,0.951350212097168,0.9995557069778442
web-attack-brute-force,web-attack-brute-force,Credential_Web_Like_Known,only_accept,False,True,True,-3.6004345417022705,0.5509073138237,1.0514415502548218,0.574305534362793,0.9912660717964172,0.9995557069778442
web-attack-brute-force,web-attack-brute-force,Credential_Web_Like_Known,only_accept,False,True,True,-10.547150611877441,0.6129440665245056,1.6061967611312866,0.5212626457214355,0.9815025329589844,0.9999845623970032
web-attack-brute-force,web-attack-brute-force,Credential_Web_Like_Known,only_accept,False,True,True,-7.252494812011719,0.109943687915802,1.0414661169052124,0.5566891431808472,0.961224377155304,0.9998068809509277
web-attack-brute-force,web-attack-brute-force,Credential_Web_Like_Known,meta_router,True,True,True,0.25321415066719055,2.2339186668395996,1.350075602531433,0.7386012077331543,0.9840974807739258,0.9994115829467773
web-attack-brute-force,web-attack-brute-force,Credential_Web_Like_Known,only_accept,False,True,False,-9.538896560668945,1.1903717517852783,-2.6824707984924316,0.7785625457763672,0.9973505735397339,0.9984675645828247
web-attack-brute-force,web-attack-xss,Credential_Web_Like_Known,only_accept,False,True,True,-6.709155559539795,0.06840208172798157,1.0514415502548218,0.301906019449234,0.9030694961547852,0.9996854066848755
web-attack-xss,web-attack-brute-force,Credential_Web_Like_Known,only_accept,False,True,True,-10.380095481872559,0.6246097683906555,1.0514415502548218,0.6495146155357361,0.9956158399581909,0.9996854662895203
web-attack-xss,web-attack-brute-force,Credential_Web_Like_Known,only_accept,False,True,True,-7.364516258239746,0.23446738719940186,2.6824636459350586,0.40110358595848083,0.8646619915962219,0.9995193481445312
web-attack-xss,web-attack-xss,Credential_Web_Like_Known,only_accept,False,True,True,-11.024022102355957,0.09658709913492203,1.2335762977600098,0.7658047676086426,0.5464670062065125,0.9996030926704407
web-attack-xss,web-attack-xss,Credential_Web_Like_Known,only_accept,False,True,False,-6.71971321105957,0.07339217513799667,-2.6728835105895996,0.875512421131134,0.604544997215271,0.9975493550300598
web-attack-xss,web-attack-sql-injection,Rare_Fallback_Known,fallback_accept,False,False,True,-6.708693504333496,-0.05993377044796944,1.0514415502548218,0.6080220341682434,0.9100468754768372,0.9998139142990112
web-attack-xss,web-attack-brute-force,Credential_Web_Like_Known,only_accept,False,True,True,-6.585632801055908,0.29702022671699524,1.0514415502548218,0.5425823926925659,0.9719230532646179,0.9998148083686829
web-attack-xss,web-attack-brute-force,Credential_Web_Like_Known,only_accept,False,True,True,-8.0054349899292,0.6307256817817688,1.0514415502548218,0.6445311307907104,0.9958298802375793,0.9998148083686829
web-attack-xss,web-attack-xss,Credential_Web_Like_Known,only_accept,False,True,True,-6.708693504333496,0.12182895839214325,1.0514415502548218,0.37774839997291565,0.9089518785476685,0.9998151659965515
web-attack-xss,web-attack-xss,Credential_Web_Like_Known,only_accept,False,True,True,-6.709155559539795,0.12472089380025864,1.0514415502548218,0.7627753019332886,0.8747757077217102,0.999426007270813
web-attack-xss,web-attack-brute-force,Credential_Web_Like_Known,only_accept,False,True,True,-7.542634010314941,0.12787404656410217,1.0414661169052124,0.4071030020713806,0.9755757451057434,0.9999829530715942
web-attack-xss,web-attack-sql-injection,Rare_Fallback_Known,fallback_accept,False,False,True,-7.36892032623291,-0.00011910171451745555,1.0414661169052124,0.627343475818634,0.8992328643798828,0.9994555711746216
web-attack-xss,web-attack-xss,Credential_Web_Like_Known,only_accept,False,True,True,-10.57420825958252,0.21389718353748322,1.360376238822937,0.6837350726127625,0.8746422529220581,0.9995565414428711
web-attack-xss,web-attack-xss,Credential_Web_Like_Known,only_accept,False,True,True,-6.709155559539795,0.04076278582215309,1.0514415502548218,0.7606621980667114,0.8905259370803833,0.9995560646057129
web-attack-xss,web-attack-xss,Credential_Web_Like_Known,only_accept,False,True,True,-10.57420825958252,0.03810440003871918,1.6061967611312866,0.5212517976760864,0.8823648691177368,0.9997385740280151
web-attack-xss,web-attack-xss,Credential_Web_Like_Known,only_accept,False,True,True,-10.604499816894531,0.2919498085975647,1.360376238822937,0.6871069669723511,0.8840237855911255,0.9999839663505554
web-attack-xss,web-attack-xss,Credential_Web_Like_Known,only_accept,False,True,True,-3.7251460552215576,0.12900693714618683,1.0514415502548218,0.5763379335403442,0.8861882090568542,0.9998143315315247
web-attack-xss,web-attack-brute-force,Credential_Web_Like_Known,only_accept,False,True,True,-6.585940361022949,0.029147949069738388,1.0514415502548218,0.6177300214767456,0.942997932434082,0.9996854662895203
web-attack-xss,web-attack-xss,Credential_Web_Like_Known,only_accept,False,True,True,-7.757748126983643,0.12724889814853668,1.0414661169052124,0.5629940032958984,0.9018437266349792,0.9998073577880859
web-attack-xss,web-attack-brute-force,Credential_Web_Like_Known,only_accept,False,True,True,-3.4630942344665527,0.35150256752967834,1.0514415502548218,0.516330361366272,0.9516814947128296,0.9999440908432007
web-attack-xss,web-attack-brute-force,Credential_Web_Like_Known,only_accept,False,True,True,-7.2070631980896,0.09129701554775238,1.0514415502548218,0.41404420137405396,0.9374715685844421,0.9998151659965515
web-attack-xss,web-attack-xss,Credential_Web_Like_Known,only_accept,False,True,True,-6.708693504333496,0.11071918904781342,1.0514415502548218,0.9889411926269531,0.9110649228096008,0.9999440908432007
web-attack-xss,web-attack-brute-force,Credential_Web_Like_Known,only_accept,False,True,True,-9.624024391174316,0.13949184119701385,1.0414661169052124,0.4424598813056946,0.9527271389961243,0.9994560480117798
web-attack-xss,web-attack-brute-force,Credential_Web_Like_Known,only_accept,False,True,True,-3.6014811992645264,0.25440412759780884,1.0514415502548218,0.7390432357788086,0.930949330329895,0.9996846318244934
web-attack-xss,web-attack-xss,Credential_Web_Like_Known,only_accept,False,True,True,-7.369534969329834,0.17244397103786469,1.0414661169052124,0.6958874464035034,0.8335717916488647,0.9999837875366211
web-attack-xss,web-attack-brute-force,Credential_Web_Like_Known,only_accept,False,True,True,-6.999812126159668,0.06687865406274796,1.0514415502548218,0.5511835813522339,0.8839775323867798,0.9998148083686829
web-attack-xss,web-attack-xss,Credential_Web_Like_Known,only_accept,False,True,True,-7.655766010284424,0.14227299392223358,1.0414661169052124,0.5691807866096497,0.8534963726997375,0.9998073577880859
web-attack-xss,web-attack-brute-force,Credential_Web_Like_Known,only_accept,False,True,True,-6.708023548126221,0.22313758730888367,1.0514415502548218,0.5272911787033081,0.986029326915741,0.9996849894523621
web-attack-xss,web-attack-xss,Credential_Web_Like_Known,only_accept,False,True,True,-6.708693504333496,0.12738214433193207,1.0514415502548218,0.760820209980011,0.926123321056366,0.9998148083686829
web-attack-xss,web-attack-brute-force,Credential_Web_Like_Known,only_accept,False,True,True,-3.6014811992645264,0.11753135919570923,1.0514415502548218,0.5742877721786499,0.9523618817329407,0.9994263648986816
web-attack-xss,web-attack-brute-force,Credential_Web_Like_Known,only_accept,False,True,True,-6.8255133628845215,0.28155717253685,1.0514415502548218,0.45716363191604614,0.9856996536254883,0.9996858835220337
web-attack-xss,web-attack-brute-force,Credential_Web_Like_Known,only_accept,False,True,True,-7.542634010314941,0.22739265859127045,1.0414661169052124,0.5628849267959595,0.9825940132141113,0.9994551539421082
web-attack-xss,web-attack-xss,Credential_Web_Like_Known,only_accept,False,True,True,-6.999812126159668,0.07616500556468964,1.0514415502548218,0.4747477173805237,0.9240309596061707,0.9999440908432007
web-attack-xss,web-attack-xss,Credential_Web_Like_Known,only_accept,False,True,True,-6.709155559539795,0.250968873500824,1.0514415502548218,0.4548247456550598,0.8701661825180054,0.9999440908432007
web-attack-xss,web-attack-brute-force,Credential_Web_Like_Known,only_accept,False,True,True,-7.226714134216309,0.09095054119825363,1.0514415502548218,0.7657767534255981,0.9667232632637024,0.9996858835220337
web-attack-xss,web-attack-xss,Credential_Web_Like_Known,only_accept,False,True,True,-6.709155559539795,0.036686014384031296,1.0514415502548218,0.5323406457901001,0.9118558764457703,0.9996846318244934
web-attack-xss,web-attack-brute-force,Credential_Web_Like_Known,only_accept,False,True,True,-10.571761131286621,0.051329612731933594,1.6061967611312866,0.685646653175354,0.9261584281921387,0.9992454648017883
web-attack-xss,web-attack-brute-force,Credential_Web_Like_Known,only_accept,False,True,True,-6.703718662261963,0.07889628410339355,1.0514415502548218,0.6832879781723022,0.9694344401359558,0.9999440908432007
web-attack-xss,web-attack-xss,Credential_Web_Like_Known,only_accept,False,True,True,-6.708693504333496,0.1947130262851715,1.0514415502548218,0.3799009919166565,0.9375275373458862,0.9998143315315247
web-attack-xss,web-attack-sql-injection,Rare_Fallback_Known,fallback_accept,False,False,True,-6.703718662261963,-0.025060253217816353,1.0514415502548218,0.6082413196563721,0.9777630567550659,0.9999445676803589
web-attack-xss,web-attack-xss,Credential_Web_Like_Known,only_accept,False,True,True,-10.571761131286621,0.06736545264720917,1.6061967611312866,0.6033923029899597,0.9131543040275574,0.9999845623970032
web-attack-xss,web-attack-brute-force,Credential_Web_Like_Known,only_accept,False,True,True,-3.7249271869659424,0.6773282885551453,1.0514415502548218,0.4114542007446289,0.9896294474601746,0.9999440908432007
web-attack-xss,web-attack-brute-force,Credential_Web_Like_Known,only_accept,False,True,True,-6.709155559539795,0.08568400889635086,1.0514415502548218,0.6852593421936035,0.9563239812850952,0.9998151659965515
web-attack-xss,web-attack-xss,Credential_Web_Like_Known,only_accept,False,True,True,-9.624024391174316,0.15411484241485596,1.0414661169052124,0.6104632616043091,0.8626025319099426,0.9999829530715942
web-attack-xss,web-attack-brute-force,Credential_Web_Like_Known,only_accept,False,True,True,-7.1189775466918945,0.19357888400554657,1.0514415502548218,0.6921060681343079,0.95191890001297,0.9998148083686829
web-attack-xss,web-attack-sql-injection,Rare_Fallback_Known,fallback_accept,False,False,True,-6.708693504333496,-0.04393617436289787,1.0514415502548218,0.6854974031448364,0.9772008061408997,0.9998151659965515
web-attack-xss,web-attack-brute-force,Credential_Web_Like_Known,only_accept,False,True,True,-10.571761131286621,0.3732875883579254,1.6061967611312866,0.685646653175354,0.9772418737411499,0.999245822429657
web-attack-xss,web-attack-xss,Credential_Web_Like_Known,only_accept,False,True,True,-7.758993148803711,0.1454528272151947,1.0414661169052124,0.5630611181259155,0.8776876330375671,0.9999829530715942
web-attack-xss,web-attack-xss,Credential_Web_Like_Known,only_accept,False,True,True,-6.708693504333496,0.32146233320236206,1.0514415502548218,0.5326992273330688,0.8148654103279114,0.9996854662895203
web-attack-xss,web-attack-brute-force,Credential_Web_Like_Known,only_accept,False,True,True,-7.2277045249938965,0.025428753346204758,1.0514415502548218,0.6183542013168335,0.9526997804641724,0.9995552897453308
web-attack-xss,web-attack-brute-force,Credential_Web_Like_Known,only_accept,False,True,True,-6.999812126159668,0.1656969040632248,1.0514415502548218,0.6276193857192993,0.9791518449783325,0.9998143911361694
web-attack-xss,web-attack-brute-force,Credential_Web_Like_Known,only_accept,False,True,True,-3.7251460552215576,0.25432127714157104,1.0514415502548218,0.48322930932044983,0.961493194103241,0.9996854066848755
web-attack-xss,web-attack-brute-force,Credential_Web_Like_Known,only_accept,False,True,True,-7.542168617248535,0.13020655512809753,1.0414661169052124,0.6286501288414001,0.9494920969009399,0.9998068809509277
web-attack-xss,web-attack-xss,Credential_Web_Like_Known,only_accept,False,True,True,-3.936422109603882,1.5398188829421997,2.4035415649414062,0.34655192494392395,0.531868577003479,0.9996738433837891
web-attack-xss,web-attack-brute-force,Credential_Web_Like_Known,only_accept,False,True,True,-10.57420825958252,0.32699501514434814,1.6061967611312866,0.5228956937789917,0.9187946319580078,0.9997382164001465
web-attack-xss,web-attack-brute-force,Credential_Web_Like_Known,only_accept,False,True,True,-6.820423603057861,0.06673752516508102,1.0514415502548218,0.3881775438785553,0.9744264483451843,0.9996854662895203
web-attack-xss,web-attack-xss,Credential_Web_Like_Known,only_accept,False,True,True,-10.604499816894531,0.1992710381746292,1.360376238822937,0.617050290107727,0.8426961898803711,0.99934321641922
web-attack-xss,web-attack-xss,Credential_Web_Like_Known,only_accept,False,True,True,-6.708693504333496,0.13269095122814178,1.0514415502548218,0.5348518490791321,0.90290766954422,0.9998143911361694
web-attack-xss,web-attack-sql-injection,Rare_Fallback_Known,fallback_accept,False,False,True,-6.709155559539795,-0.027497002854943275,1.0514415502548218,0.7606621384620667,0.9778946042060852,0.9999449849128723
web-attack-xss,web-attack-xss,Credential_Web_Like_Known,only_accept,False,True,False,-10.876051902770996,0.780038595199585,-2.6824707984924316,0.7956207990646362,0.6166402697563171,0.9983859062194824
web-attack-xss,web-attack-xss,Credential_Web_Like_Known,only_accept,False,True,True,-10.608755111694336,0.05543942749500275,1.6061967611312866,0.6061307191848755,0.8478468060493469,0.9994922876358032
web-attack-xss,web-attack-brute-force,Credential_Web_Like_Known,only_accept,False,True,True,-3.7249271869659424,0.04683222621679306,1.0514415502548218,0.6470894813537598,0.9599494934082031,0.9998148083686829
web-attack-xss,web-attack-brute-force,Credential_Web_Like_Known,only_accept,False,True,True,-6.8195929527282715,0.03913870453834534,1.0514415502548218,0.6120566725730896,0.9248449206352234,0.9994263648986816
web-attack-xss,web-attack-brute-force,Credential_Web_Like_Known,only_accept,False,True,True,-10.45976734161377,0.23662231862545013,1.6061967611312866,0.6584721207618713,0.9533419609069824,0.9997377395629883
web-attack-xss,web-attack-brute-force,Credential_Web_Like_Known,only_accept,False,True,True,-3.751600980758667,0.5791931748390198,1.0514415502548218,0.5622115135192871,0.9897044897079468,0.9996854662895203
web-attack-xss,web-attack-xss,Credential_Web_Like_Known,only_accept,False,True,False,-10.808465957641602,0.7968037724494934,-2.7206385135650635,0.8125549554824829,0.3668754994869232,0.9983647465705872
web-attack-xss,web-attack-xss,Credential_Web_Like_Known,only_accept,False,True,True,-6.713804244995117,1.0680867433547974,1.0514415502548218,0.6019551157951355,0.84979647397995,0.9998148083686829
web-attack-xss,web-attack-xss,Credential_Web_Like_Known,only_accept,False,True,True,-6.712868690490723,0.6324448585510254,1.0514415502548218,0.3743874430656433,0.7016983032226562,0.9996854662895203
web-attack-xss,web-attack-xss,Credential_Web_Like_Known,only_accept,False,True,True,-6.818117141723633,0.07335429638624191,1.0514415502548218,0.7605170011520386,0.9289418458938599,0.9998148083686829
web-attack-xss,web-attack-xss,Credential_Web_Like_Known,only_accept,False,True,True,-7.362596035003662,0.7856931090354919,1.0414661169052124,0.5405092239379883,0.7401959300041199,0.999983012676239
web-attack-xss,web-attack-xss,Credential_Web_Like_Known,only_accept,False,True,True,-3.626685619354248,0.13112320005893707,1.0514415502548218,0.5616503953933716,0.924564003944397,0.9996854662895203
web-attack-xss,web-attack-xss,Credential_Web_Like_Known,only_accept,False,True,True,-7.644778251647949,1.0301817655563354,1.0414661169052124,0.56734299659729,0.8176802396774292,0.9998068809509277
web-attack-xss,web-attack-xss,Credential_Web_Like_Known,only_accept,False,True,True,-7.1166558265686035,0.9981575012207031,1.0514415502548218,0.9076082110404968,0.8077942728996277,0.9999445080757141
web-attack-xss,web-attack-xss,Credential_Web_Like_Known,only_accept,False,True,True,-6.708693504333496,0.37882664799690247,1.0514415502548218,0.6080220341682434,0.8177462816238403,0.9995557069778442
web-attack-xss,web-attack-xss,Credential_Web_Like_Known,only_accept,False,True,True,-7.119528293609619,0.3596307635307312,1.0514415502548218,0.6133379936218262,0.8759561777114868,0.9996854066848755
web-attack-xss,web-attack-xss,Credential_Web_Like_Known,only_accept,False,True,True,-7.474442005157471,0.09117003530263901,1.0414661169052124,0.47625526785850525,0.901276707649231,0.9996312260627747
web-attack-xss,web-attack-brute-force,Credential_Web_Like_Known,only_accept,False,True,True,-6.708693504333496,0.26720163226127625,1.0514415502548218,0.760820209980011,0.9938980340957642,0.9996851086616516
web-attack-xss,web-attack-xss,Credential_Web_Like_Known,only_accept,False,True,True,-6.714339256286621,0.1772257685661316,1.0514415502548218,0.5359793305397034,0.8555017709732056,0.9998143911361694
web-attack-xss,web-attack-xss,Credential_Web_Like_Known,only_accept,False,True,True,-6.708693504333496,0.28480595350265503,1.0514415502548218,0.6101745963096619,0.8799643516540527,0.9998143911361694
web-attack-xss,web-attack-brute-force,Credential_Web_Like_Known,only_accept,False,True,True,-6.709155559539795,0.19226598739624023,1.0514415502548218,0.6873725652694702,0.9918638467788696,0.9998148083686829
web-attack-xss,web-attack-xss,Credential_Web_Like_Known,only_accept,False,True,True,-6.709155559539795,0.05563885718584061,1.0514415502548218,0.3019059896469116,0.9361919164657593,0.9996846318244934
web-attack-xss,web-attack-brute-force,Credential_Web_Like_Known,only_accept,False,True,True,-3.4621081352233887,0.3241267204284668,1.0514415502548218,0.5634555220603943,0.9970332980155945,0.9998143911361694
web-attack-xss,web-attack-brute-force,Credential_Web_Like_Known,only_accept,False,True,True,-7.226714134216309,0.16080154478549957,1.0514415502548218,0.7657767534255981,0.9860202670097351,0.9998151659965515
web-attack-xss,web-attack-xss,Credential_Web_Like_Known,only_accept,False,True,True,-10.57420825958252,0.1852274239063263,1.360376238822937,0.5228956937789917,0.8303115963935852,0.9997698664665222
web-attack-xss,web-attack-xss,Credential_Web_Like_Known,only_accept,False,True,True,-7.119528293609619,0.26202207803726196,1.0514415502548218,0.3132525384426117,0.823590874671936,0.9994258880615234
web-attack-xss,web-attack-brute-force,Credential_Web_Like_Known,only_accept,False,True,True,-6.585632801055908,0.1621239334344864,1.0514415502548218,0.6933350563049316,0.9865233302116394,0.9996849894523621
web-attack-xss,web-attack-xss,Credential_Web_Like_Known,only_accept,False,True,True,-7.475544452667236,0.10293692350387573,1.0414661169052124,0.7795048952102661,0.8845261335372925,0.9999834299087524
web-attack-xss,web-attack-brute-force,Credential_Web_Like_Known,only_accept,False,True,True,-6.585940361022949,0.21212579309940338,1.0514415502548218,0.6166761517524719,0.9865835905075073,0.9992965459823608
web-attack-xss,web-attack-brute-force,Credential_Web_Like_Known,only_accept,False,True,True,-6.585940361022949,0.07664750516414642,1.0514415502548218,0.3915112018585205,0.9809430241584778,0.9999440908432007
web-attack-xss,web-attack-brute-force,Credential_Web_Like_Known,only_accept,False,True,True,-3.60160231590271,0.06351479142904282,1.0514415502548218,0.5033475160598755,0.9866123199462891,0.9995557069778442
web-attack-xss,web-attack-xss,Credential_Web_Like_Known,only_accept,False,True,False,-10.781292915344238,0.7307673692703247,-2.6824707984924316,0.9358180165290833,0.6122061014175415,0.9984502792358398
web-attack-xss,web-attack-brute-force,Credential_Web_Like_Known,only_accept,False,True,True,-7.226714134216309,0.1337425410747528,1.0514415502548218,0.7657767534255981,0.9745805859565735,0.9996854662895203
web-attack-xss,web-attack-brute-force,Credential_Web_Like_Known,only_accept,False,True,True,-3.7249271869659424,0.3333265483379364,1.0514415502548218,0.48274508118629456,0.984968364238739,0.9998143911361694
web-attack-xss,web-attack-brute-force,Credential_Web_Like_Known,only_accept,False,True,True,-6.709155559539795,0.19972023367881775,1.0514415502548218,0.6098566055297852,0.9631277918815613,0.9998151659965515
web-attack-xss,web-attack-xss,Credential_Web_Like_Known,only_accept,False,True,True,-6.8195929527282715,0.12362506985664368,1.0514415502548218,0.6897188425064087,0.9126189947128296,0.9998143315315247
web-attack-xss,web-attack-brute-force,Credential_Web_Like_Known,only_accept,False,True,True,-6.708693504333496,0.20345662534236908,1.0514415502548218,0.760820209980011,0.9904358983039856,0.9995552897453308
web-attack-xss,web-attack-brute-force,Credential_Web_Like_Known,only_accept,False,True,True,-3.4631752967834473,0.3847063183784485,1.0514415502548218,0.5637372136116028,0.9759543538093567,0.9998139142990112
web-attack-xss,web-attack-xss,Credential_Web_Like_Known,only_accept,False,True,True,-7.369534969329834,0.2831351161003113,1.0414661169052124,0.6958874464035034,0.8307428359985352,0.9996312260627747
web-attack-xss,web-attack-brute-force,Credential_Web_Like_Known,only_accept,False,True,True,-6.708693504333496,0.09303572028875351,1.0514415502548218,0.6854974031448364,0.9557932019233704,0.9996854662895203
web-attack-xss,web-attack-xss,Credential_Web_Like_Known,only_accept,False,True,True,-6.708693504333496,0.04292864352464676,1.0514415502548218,0.6080220341682434,0.9420210719108582,0.9996854662895203
web-attack-xss,web-attack-xss,Credential_Web_Like_Known,only_accept,False,True,True,-6.708693504333496,0.19212082028388977,1.0514415502548218,0.7629728317260742,0.9077845811843872,0.9994258880615234
web-attack-xss,web-attack-brute-force,Credential_Web_Like_Known,only_accept,False,True,True,-3.463005781173706,0.5810099244117737,1.0514415502548218,0.5825150609016418,0.9700255393981934,0.9996849894523621
web-attack-xss,web-attack-xss,Credential_Web_Like_Known,only_accept,False,True,True,-9.601461410522461,0.12976722419261932,1.0414661169052124,0.6350070238113403,0.922516942024231,0.9996321797370911
web-attack-xss,web-attack-xss,Credential_Web_Like_Known,only_accept,False,True,True,-3.844691514968872,1.5398188829421997,2.4035415649414062,0.17720955610275269,0.43220239877700806,0.9996735453605652
web-attack-xss,web-attack-xss,Credential_Web_Like_Known,only_accept,False,True,True,-6.820423603057861,0.05564602091908455,1.0514415502548218,0.4655028283596039,0.9635018110275269,0.9998151659965515
web-attack-xss,web-attack-brute-force,Credential_Web_Like_Known,only_accept,False,True,True,-3.6014811992645264,0.10094872862100601,1.0514415502548218,0.645217776298523,0.950971782207489,0.999943733215332
web-attack-xss,web-attack-brute-force,Credential_Web_Like_Known,only_accept,False,True,True,-6.708693504333496,0.20550525188446045,1.0514415502548218,0.6854974031448364,0.9849328994750977,0.9998143911361694
web-attack-xss,web-attack-brute-force,Credential_Web_Like_Known,only_accept,False,True,True,-6.585632801055908,0.14899426698684692,1.0514415502548218,0.692257821559906,0.9678264856338501,0.9999440908432007
web-attack-xss,web-attack-brute-force,Credential_Web_Like_Known,only_accept,False,True,True,-3.6913836002349854,0.20597325265407562,1.0514415502548218,0.47699397802352905,0.9957927465438843,0.9998139142990112
web-attack-xss,web-attack-xss,Credential_Web_Like_Known,only_accept,False,True,True,-7.540886402130127,0.11695564538240433,1.0414661169052124,0.835909366607666,0.8566024899482727,0.9998077154159546
web-attack-xss,web-attack-sql-injection,Rare_Fallback_Known,fallback_accept,False,False,True,-3.691164255142212,-0.023313846439123154,1.0514415502548218,0.745807409286499,0.9811237454414368,0.9998139142990112
web-attack-xss,web-attack-xss,Credential_Web_Like_Known,only_accept,False,True,True,-6.703718662261963,0.06391391903162003,1.0514415502548218,0.6106950640678406,0.8839941024780273,0.9998148083686829
web-attack-xss,web-attack-brute-force,Credential_Web_Like_Known,only_accept,False,True,True,-6.708693504333496,0.2810989320278168,1.0514415502548218,0.6080220341682434,0.9944766163825989,0.9998151659965515
web-attack-xss,web-attack-xss,Credential_Web_Like_Known,only_accept,False,True,True,-6.708693504333496,0.1372755616903305,1.0514415502548218,0.6854974031448364,0.8589156270027161,0.9998148083686829
web-attack-xss,web-attack-brute-force,Credential_Web_Like_Known,only_accept,False,True,True,-7.655766010284424,0.11201032251119614,1.0414661169052124,0.47529059648513794,0.9635485410690308,0.9998064041137695
web-attack-xss,web-attack-xss,Credential_Web_Like_Known,only_accept,False,True,True,-6.709155559539795,0.2057809829711914,1.0514415502548218,0.7606621980667114,0.8690317273139954,0.9996858835220337
web-attack-xss,web-attack-xss,Credential_Web_Like_Known,only_accept,False,True,True,-6.709155559539795,0.2620725631713867,1.0514415502548218,0.6077433824539185,0.8979942202568054,0.9996854662895203
web-attack-xss,web-attack-xss,Credential_Web_Like_Known,only_accept,False,True,True,-6.8195929527282715,0.09754689782857895,1.0514415502548218,0.6163999438285828,0.8849774599075317,0.9998139142990112
web-attack-xss,web-attack-brute-force,Credential_Web_Like_Known,only_accept,False,True,True,-6.708693504333496,0.11317035555839539,1.0514415502548218,0.6101745367050171,0.9587600827217102,0.9999440908432007
web-attack-xss,web-attack-brute-force,Credential_Web_Like_Known,only_accept,False,True,True,-6.585940361022949,0.2075335681438446,1.0514415502548218,0.3925651013851166,0.9962660074234009,0.9998148083686829
web-attack-xss,web-attack-sql-injection,Rare_Fallback_Known,fallback_accept,False,False,True,-7.252905368804932,-0.043657224625349045,1.0414661169052124,0.6335089802742004,0.9524983167648315,0.9998068809509277
web-attack-xss,web-attack-brute-force,Credential_Web_Like_Known,only_accept,False,True,True,-3.7249271869659424,0.1271437704563141,1.0514415502548218,0.31840062141418457,0.9879234433174133,0.9998143911361694
web-attack-xss,web-attack-xss,Credential_Web_Like_Known,only_accept,False,True,True,-9.702242851257324,0.09928882867097855,1.0414661169052124,0.6226323246955872,0.8399713635444641,0.9996317028999329
web-attack-xss,web-attack-brute-force,Credential_Web_Like_Known,only_accept,False,True,True,-3.6014811992645264,0.34780001640319824,1.0514415502548218,0.409532368183136,0.9666881561279297,0.9995557069778442
web-attack-xss,web-attack-brute-force,Credential_Web_Like_Known,only_accept,False,True,True,-3.60160231590271,0.7226715087890625,1.0514415502548218,0.7160040736198425,0.9067597389221191,0.9996858835220337
web-attack-xss,web-attack-brute-force,Credential_Web_Like_Known,only_accept,False,True,True,-3.7249271869659424,0.5960273146629333,1.0514415502548218,0.4114852547645569,0.9583765864372253,0.9998151659965515
web-attack-xss,web-attack-brute-force,Credential_Web_Like_Known,only_accept,False,True,True,-6.585940361022949,0.10657418519258499,1.0514415502548218,0.6177300214767456,0.9823813438415527,0.9998148083686829
web-attack-xss,web-attack-xss,Credential_Web_Like_Known,only_accept,False,True,True,-7.369534969329834,0.06344369053840637,1.0414661169052124,0.9128324389457703,0.9051786661148071,0.9998072385787964
web-attack-xss,web-attack-brute-force,Credential_Web_Like_Known,only_accept,False,True,True,-10.120018005371094,1.0629713535308838,1.609089970588684,0.604988694190979,0.9947570562362671,0.9992886781692505
web-attack-xss,web-attack-xss,Credential_Web_Like_Known,only_accept,False,True,True,-13.214773178100586,0.28551313281059265,1.6600148677825928,0.9531657099723816,0.7323477268218994,0.9988452792167664
web-attack-xss,web-attack-xss,Credential_Web_Like_Known,only_accept,False,True,True,-11.648377418518066,0.2396852970123291,2.5665359497070312,0.8078025579452515,0.7665072679519653,0.9996206164360046
web-attack-sql-injection,dos-goldeneye,DoS_Like_Known,only_accept,True,False,True,2.1560754776000977,-0.0827338695526123,2.6904964447021484,0.8186763525009155,0.8316488265991211,0.9992603063583374
web-attack-sql-injection,web-attack-xss,Credential_Web_Like_Known,only_accept,False,True,True,-11.268420219421387,0.02550746686756611,2.6824636459350586,0.7060626745223999,0.8807193040847778,0.9990432858467102
web-attack-sql-injection,web-attack-xss,Credential_Web_Like_Known,only_accept,False,True,True,-3.617224931716919,0.10238663852214813,1.7607359886169434,0.6951369643211365,0.7665830254554749,0.9999935030937195
web-attack-sql-injection,dos-goldeneye,DoS_Like_Known,meta_router,True,True,True,2.175048828125,0.08179180324077606,2.6904964447021484,0.8966930508613586,0.5791552662849426,0.9999943971633911
infiltration,normal,,benign_binary,False,False,False,0.0,0.0,0.0,0.0,0.0,0.0
infiltration,web-attack-brute-force,Credential_Web_Like_Known,only_accept,False,True,True,-10.36062240600586,0.0022000682074576616,2.829085111618042,0.725544273853302,0.971357524394989,0.9997068643569946
infiltration,normal,,benign_binary,False,False,False,0.0,0.0,0.0,0.0,0.0,0.0
infiltration,infiltration,Rare_Fallback_Known,fallback_accept,False,False,True,-8.22311019897461,-0.6400229334831238,2.826977252960205,0.7620207071304321,0.7604205012321472,0.9997135400772095
infiltration,web-attack-brute-force,Credential_Web_Like_Known,only_accept,False,True,True,-8.454954147338867,0.1123279556632042,2.8239760398864746,0.7755672335624695,0.6517165899276733,0.9998420476913452
infiltration,infiltration,Rare_Fallback_Known,fallback_accept,False,False,True,-7.766568183898926,-0.624596893787384,2.8239760398864746,0.6925712823867798,0.8878949284553528,0.9999821782112122
infiltration,infiltration,Rare_Fallback_Known,fallback_accept,False,False,True,-6.984537124633789,-0.49713134765625,2.7407240867614746,0.5706039071083069,0.835350513458252,0.9993292093276978
