a,b,distinct_shared
C0,anchor,2733
C0,phi_fit,30832
C0,expert,25042
C0,route,9316
C0,tune,6777
C0,cal,6713
C0,xgb_train,139903
C0,eval,26161
anchor,phi_fit,2672
anchor,expert,1996
anchor,route,1364
anchor,tune,1288
anchor,cal,1246
anchor,xgb_train,7144
anchor,eval,1832
phi_fit,expert,40804
phi_fit,route,12455
phi_fit,tune,8788
phi_fit,cal,8558
phi_fit,xgb_train,281111
phi_fit,eval,43418
expert,route,19089
expert,tune,12371
expert,cal,13751
expert,xgb_train,1019426
expert,eval,98276
route,tune,8741
route,cal,7561
route,xgb_train,139094
route,eval,23041
tune,cal,7271
tune,xgb_train,20428
tune,eval,16413
cal,xgb_train,20214
cal,eval,19662
xgb_train,eval,218938
